# Topographic attributes derived from data provider resources (BAFU, Swisstopo, etc.)
gauge_id,country,gauge_name,water_body_name,id6,water_body_type,gauge_lon,gauge_lat,gauge_easting,gauge_northing,gauge_elevation,area,elev_mean,elev_min,elev_percentile10,elev_percentile25,elev_percentile50,elev_percentile75,elev_percentile90,elev_max,slope_mean,flat_area_perc,steep_area_perc
2004,CH,Murten,Murtensee,MuSMur,lake,7.12,46.93,2575500,1197790,431.0,712.7,644.6,428.75,444.02,501.91,645.4,747.73,835.77,1499.39,5.53,38.15,5.23
2007,CH,Le_Pont,Lac_de_Joux,LdJLeP,lake,6.32,46.67,2514700,1168840,1002.0,209.3,1228.27,999.58,1043.15,1112.37,1235.46,1328.3,1400.98,1660.32,8.13,21.39,12.76
2009,CH,Porte_du_Scex,Rhône,RhoPor,stream,6.89,46.35,2557660,1133280,377.0,5239.4,2124.19,377.07,1015.99,1560.86,2191.36,2698.04,3103.99,4521.34,25.72,3.62,79.6
2011,CH,Sion,Rhône,RhoSio,stream,7.36,46.22,2593770,1118630,499.0,3372.4,2286.71,485.83,1209.13,1778.17,2379.66,2821.9,3208.04,4521.34,25.82,2.83,80.15
2014,CH,Schmerikon,Zürichsee_(Obersee),ZuSSch,lake,8.94,47.22,2713710,1231515,402.0,1583.5,1331.63,401.92,448.27,753.15,1312.1,1842.57,2202.29,3557.05,22.1,11.86,65.23
2016,CH,Brugg,Aare,AarBru,stream,8.19,47.48,2657000,1259360,341.0,11681.3,1002.4,336.9,461.14,568.54,791.46,1253.59,1847.46,4084.22,12.83,23.13,32.95
2017,CH,Zug,Zugersee,ZuSZug,lake,8.51,47.17,2681555,1224660,413.0,250.0,692.5,410.58,410.58,436.37,613.75,882.34,1071.92,1760.42,9.65,35.18,25.93
2018,CH,Mellingen,Reuss,ReuMel,stream,8.27,47.42,2662830,1252580,349.0,3385.8,1257.46,348.09,440.17,600.14,1130.52,1777.54,2312.89,3597.23,19.15,15.24,56.07
2019,CH,Brienzwiler,Aare,AarBri,stream,8.09,46.75,2649930,1177380,587.0,555.2,2127.2,573.36,1171.15,1683.87,2187.08,2624.05,2954.97,4084.22,27.72,2.88,82.16
2020,CH,Bellinzona,Ticino,TicBel,stream,9.01,46.19,2721245,1117025,222.0,1517.5,1679.21,221.6,754.09,1259.84,1764.53,2153.67,2438.17,3346.44,28.9,2.96,85.55
2021,CH,Ponte_Tresa,Lago_di_Lugano,LdLPon,lake,8.86,45.97,2710200,1091800,272.0,608.8,804.52,270.89,283.81,423.76,741.0,1102.01,1428.09,2207.79,20.02,13.19,65.42
2022,CH,Locarno,Lago_Maggiore,LaMLoc,lake,8.8,46.16,2705480,1113380,197.0,6590.1,1297.04,190.29,279.35,641.82,1275.7,1895.42,2309.41,4517.33,25.05,9.83,75.4
2023,CH,Ringgenberg,Brienzersee,BrSRin,lake,7.9,46.7,2635150,1172340,562.0,1137.4,1940.45,550.15,865.82,1406.52,1961.73,2484.7,2906.87,4084.22,27.11,5.53,78.95
2024,CH,Branson,Rhône,RhoBra,stream,7.09,46.13,2573150,1108300,458.0,3727.9,2230.63,456.71,1119.07,1704.02,2323.1,2781.24,3171.12,4521.34,25.58,3.27,79.57
2025,CH,Brunnen,Vierwaldstättersee,ViSBru,lake,8.6,46.99,2688625,1205370,432.0,1007.4,1876.9,431.74,871.55,1443.14,1967.48,2392.06,2674.22,3597.23,27.87,4.84,83.23
2026,CH,Chillon,Lac_Léman,LLeChi,lake,6.93,46.41,2560720,1140490,376.0,8000.3,1658.49,367.12,416.92,750.09,1610.33,2437.33,2932.59,4521.34,20.21,16.94,61.13
2027,CH,St-Prex,Lac_Léman,LLeStP,lake,6.46,46.48,2524940,1148410,372.0,8000.3,1658.49,367.12,416.92,750.09,1610.33,2437.33,2932.59,4521.34,20.21,16.94,61.13
2028,CH,Genêve-Sécheron,Lac_Léman,LLeGen,lake,6.15,46.22,2500750,1119390,372.0,8000.3,1658.49,367.12,416.92,750.09,1610.33,2437.33,2932.59,4521.34,20.21,16.94,61.13
2029,CH,Brügg-Aegerten,Aare,AarBrA,stream,7.28,47.12,2588220,1219020,427.0,8248.6,1144.17,424.17,497.27,649.91,985.03,1469.1,2047.04,4084.22,14.53,21.0,38.94
2030,CH,Thun,Aare,AarThu,stream,7.61,46.76,2613230,1179280,556.0,2459.3,1738.89,550.15,806.86,1236.01,1714.43,2198.41,2697.25,4084.22,24.89,6.51,74.82
2031,CH,Unterägeri,Ägerisee,AeSUnt,lake,8.59,47.14,2687480,1221420,723.0,48.1,934.49,723.41,723.41,759.81,922.26,1052.66,1157.23,1556.38,12.6,21.54,39.15
2032,CH,Romanshorn,Bodensee_(Obersee),BoSRom,lake,9.38,47.56,2746160,1270040,391.0,10914.4,1308.93,390.92,442.09,600.71,1179.29,1964.04,2402.95,3558.31,16.9,20.75,50.7
2033,CH,Ilanz,Vorderrhein,VorIla,stream,9.21,46.78,2734997,1182035,700.0,774.0,2026.59,699.2,1270.12,1648.09,2092.77,2438.19,2664.41,3558.31,25.51,1.56,82.3
2034,CH,Payerne-Caserne_d'aviation,Broye,BroPay,stream,6.94,46.84,2561660,1187320,444.0,415.9,723.4,443.84,532.14,640.27,721.59,805.0,868.24,1499.39,6.59,27.49,7.18
2041,CH,Oberriet-Blatten,Rhein,RheObe,stream,9.57,47.31,2761215,1241750,422.0,6141.9,1791.68,422.08,861.5,1362.53,1868.39,2278.62,2555.53,3558.31,24.05,4.43,76.97
2043,CH,Berlingen,Bodensee_(Untersee),BoSBer,lake,9.02,47.68,2718570,1281730,391.0,11484.6,1268.96,390.92,432.89,577.53,1076.66,1928.08,2386.56,3558.31,16.31,21.98,48.42
2044,CH,Andelfingen,Thur,ThuAnd,stream,8.68,47.6,2693510,1272500,363.0,1701.6,773.37,359.82,458.93,539.54,683.62,924.34,1208.23,2432.11,10.0,23.86,22.46
2053,CH,Martigny-Pont_de_Rossettan,Drance,DraMar,stream,7.06,46.1,2570930,1105200,482.0,675.7,2247.82,481.85,1252.63,1737.96,2304.93,2761.7,3140.81,4271.57,27.2,1.32,83.31
2056,CH,Seedorf,Reuss,ReuSee,stream,8.62,46.88,2690085,1193210,440.0,833.2,2005.65,435.64,1158.66,1617.86,2086.25,2455.48,2713.22,3597.23,28.69,1.9,86.15
2063,CH,Murgenthal,Aare,AarMur,stream,7.83,47.27,2629665,1235150,404.0,10059.4,1068.38,404.32,476.7,606.12,873.08,1348.11,1930.16,4084.22,13.59,22.18,35.76
2066,CH,St._Moritz,St._Moritzersee,StMSMS,lake,9.85,46.5,2784940,1152420,1773.0,171.2,2370.33,1766.25,1823.49,2025.85,2378.99,2674.8,2885.86,3407.23,22.77,7.33,72.77
2067,CH,Martina,Inn,InnMar,stream,10.47,46.89,2830640,1197190,1047.0,1937.5,2341.9,1037.88,1776.04,2053.81,2384.43,2659.21,2840.41,3981.42,25.47,2.31,81.43
2068,CH,Riazzino,Ticino,TicRia,stream,8.91,46.16,2713670,1113500,201.0,1613.3,1643.22,199.14,695.42,1210.31,1723.9,2128.88,2423.49,3346.44,28.76,3.32,85.39
2070,CH,Emmenmatt,Emme,EmmEmT,stream,7.75,46.95,2623610,1200420,643.0,443.0,1071.37,642.62,804.45,904.39,1012.85,1185.36,1436.22,2162.42,15.72,4.99,47.73
2072,CH,Sils_Baselgia,Silsersee,SiBSil,lake,9.75,46.43,2777870,1145180,1798.0,45.8,2330.09,1791.57,1795.71,1974.63,2317.23,2650.42,2874.15,3333.74,23.49,11.07,72.09
2073,CH,Silvaplana,Silvaplanersee,SiSSil,lake,9.8,46.46,2781560,1148150,1788.0,137.3,2393.72,1787.68,1828.23,2061.4,2409.92,2695.93,2905.7,3407.23,23.23,7.92,73.66
2074,CH,Brissago,Lago_Maggiore,LaMBri,lake,8.71,46.12,2698350,1108200,191.0,6590.1,1297.04,190.29,279.35,641.82,1275.7,1895.42,2309.41,4517.33,25.05,9.83,75.4
2078,CH,Le_Prese,Poschiavino,PosLeP,stream,10.08,46.3,2803490,1130520,967.0,167.7,2162.34,966.12,1409.14,1841.85,2214.06,2502.01,2795.05,3789.17,25.61,2.18,81.22
2079,CH,Le_Prese,Canale_industriale,CinLeP,stream,10.08,46.3,2803462,1130547,967.0,1.0,1435.7,966.12,1045.7,1241.57,1441.35,1623.9,1794.14,2032.76,22.92,3.05,86.83
2081,CH,Pfäffikon,Pfäffikersee,PfSPfa,lake,8.78,47.36,2701460,1246705,535.0,28.9,663.99,535.44,535.44,551.18,636.77,752.33,832.34,1080.27,6.54,37.25,12.16
2082,CH,Greifensee,Greifensee,GrSGre,lake,8.67,47.36,2693380,1246690,440.0,164.0,556.35,434.1,443.76,483.06,535.44,577.75,720.48,1080.46,4.92,44.83,4.65
2084,CH,Ingenbohl,Muota,MuoIng,stream,8.6,47.0,2688262,1206170,433.0,316.6,1363.49,432.88,600.42,909.14,1369.15,1830.77,2078.47,2734.46,20.86,5.72,63.25
2085,CH,Hagneck,Aare,AarHag,stream,7.18,47.06,2580680,1211650,435.0,5111.9,1367.24,427.54,607.05,776.54,1268.12,1793.26,2350.58,4084.22,18.91,12.05,54.38
2086,CH,Loderio,Brenno,BreLod,stream,8.97,46.38,2717770,1137270,351.0,400.2,1812.18,347.38,931.33,1428.03,1882.59,2246.14,2539.15,3346.44,27.97,1.82,84.78
2087,CH,Andermatt,Reuss,ReuAnd,stream,8.59,46.64,2688120,1166320,1435.0,190.2,2276.53,1426.91,1737.57,2036.45,2317.61,2539.84,2707.44,3527.24,24.53,1.8,81.48
2088,CH,Sarnen,Sarnersee,SaSSar,lake,8.24,46.89,2661260,1193270,467.0,268.4,1283.98,466.85,585.28,895.35,1315.52,1647.7,1912.82,2632.59,21.21,7.35,66.76
2091,CH,Rheinfelden-Messstation,Rhein,RheRhe,stream,7.8,47.56,2627190,1267840,270.0,34479.4,1071.33,270.44,436.62,548.36,814.14,1473.96,2139.76,4084.22,14.29,21.94,39.11
2093,CH,Spiez-Kraftwerk_BKW,Thunersee,ThSSpi,lake,7.66,46.7,2617280,1171750,561.0,2451.5,1742.46,550.15,815.85,1241.56,1717.06,2200.6,2698.55,4084.22,24.95,6.34,75.0
2097,CH,Meisterschwanden,Hallwilersee,HaSMei,lake,8.22,47.3,2659125,1238615,448.0,139.2,579.57,445.54,458.44,483.9,554.37,659.99,745.19,885.37,5.19,37.86,3.04
2099,CH,Zürich-Unterhard,Limmat,LimZue,stream,8.53,47.39,2682055,1249430,402.0,2173.9,1193.35,401.54,429.75,619.66,1095.64,1663.11,2106.25,3557.05,18.91,15.59,54.59
2101,CH,Melide-Ferrera,Lago_di_Lugano,LdLMel,lake,8.95,45.97,2717070,1091650,272.0,299.0,906.4,270.89,278.04,523.5,898.1,1222.36,1511.82,2207.79,21.71,11.85,71.65
2102,CH,Sarnen,Sarner_Aa,SarSar,stream,8.25,46.9,2661460,1194220,470.0,269.3,1281.43,466.85,579.6,890.49,1313.27,1646.6,1912.26,2632.59,21.16,7.5,66.63
2104,CH,Weesen-Biäsche,Linth,LinWee,stream,9.09,47.13,2725160,1221380,424.0,1061.5,1579.67,416.12,672.29,1140.12,1629.28,2029.0,2314.49,3557.05,26.17,5.43,77.72
2105,CH,St._Moritzbad,Inn,InnStM,stream,9.83,46.48,2783910,1150960,1778.0,155.4,2394.01,1777.61,1834.18,2062.47,2413.48,2694.12,2899.3,3407.23,23.12,7.19,73.67
2106,CH,Münchenstein-Hofmatt,Birs,BirMue,stream,7.62,47.52,2613570,1263080,272.0,887.3,733.04,270.13,444.13,558.0,715.98,904.37,1042.0,1418.57,13.34,11.95,36.55
2109,CH,Gsteig,Lütschine,LueGst,stream,7.87,46.66,2633130,1168200,591.0,380.7,2039.2,588.92,1120.66,1535.29,1989.91,2516.56,3022.94,4058.5,28.85,0.92,81.94
2110,CH,Mühlau-Hünenberg,Reuss,ReuMue,stream,8.4,47.22,2672520,1230600,390.0,2902.3,1368.64,389.53,479.93,757.82,1306.64,1891.04,2376.14,3597.23,21.1,11.45,62.9
2112,CH,Appenzell,Sitter,SitApp,stream,9.41,47.33,2749040,1244220,775.0,74.4,1253.32,775.37,875.65,980.98,1186.26,1426.41,1779.61,2431.31,20.85,4.38,58.31
2113,CH,Felsenau-K.W._Klingnau,Aare,AarFel,stream,8.23,47.59,2659150,1271790,313.0,17687.1,1061.68,312.96,446.14,563.76,845.38,1401.48,2007.68,4084.22,14.65,20.89,39.54
2116,CH,Koblenz,Rhein,RheKob,stream,8.23,47.61,2659790,1273390,313.0,15905.8,1105.82,312.04,430.45,537.62,793.13,1643.77,2264.24,3558.31,14.14,23.39,39.65
2117,CH,Le_Châble-Villette,Drance_de_Bagnes,DraLeC,stream,7.21,46.08,2582550,1103270,823.0,253.7,2601.43,821.68,1671.06,2230.14,2698.48,3057.38,3343.3,4271.57,26.41,2.22,78.85
2118,CH,Murg,Walensee,WaSMur,lake,9.21,47.11,2734430,1219560,417.0,1060.8,1580.36,416.12,674.04,1141.43,1629.82,2029.29,2314.73,3557.05,26.18,5.41,77.75
2119,CH,Fribourg,Sarine,SarFri,stream,7.17,46.8,2579420,1183670,530.0,1270.6,1249.85,530.08,717.71,833.96,1220.21,1562.82,1843.62,3204.46,17.29,10.97,50.83
2122,CH,Moutier-La_Charrue,Birse,BirMou,stream,7.38,47.28,2595740,1237010,528.0,185.8,927.35,525.81,692.27,780.52,923.46,1072.35,1183.25,1418.57,14.55,7.23,37.81
2125,CH,Frauenthal,Lorze,LorFra,stream,8.42,47.22,2674715,1229845,394.0,261.7,680.7,392.05,410.58,432.86,586.82,864.78,1062.43,1760.42,9.36,36.3,24.77
2126,CH,Wängi,Murg,MurWae,stream,8.95,47.5,2714105,1261720,472.0,80.1,653.6,471.17,520.27,558.08,641.03,740.37,806.02,1025.97,8.8,23.48,19.28
2130,CH,Laufenburg,Rhein_(Oberwasser),RObLau,stream,8.05,47.56,2646000,1267410,301.0,34010.3,1078.15,298.26,438.03,551.77,821.16,1487.04,2147.07,4084.22,14.35,21.98,39.36
2132,CH,Neftenbach,Töss,ToeNef,stream,8.65,47.52,2691460,1263820,393.0,343.3,658.48,389.22,485.62,542.27,628.1,749.7,870.53,1294.4,9.91,21.45,24.12
2135,CH,Bern-Schönau,Aare,AarBer,stream,7.45,46.93,2600710,1198000,505.0,2941.2,1590.98,500.57,632.19,977.85,1555.88,2072.73,2618.46,4084.22,22.58,9.3,66.82
2137,CH,Gelfingen,Baldeggersee,BaSGel,lake,8.27,47.21,2662710,1229100,461.0,73.2,585.38,459.98,468.24,496.94,558.88,664.98,742.23,875.89,4.81,38.31,1.46
2139,CH,St._Margrethen,Rheintaler_Binnenkanal,RhBStM,stream,9.66,47.45,2767194,1257810,402.0,174.9,717.8,400.0,408.98,421.35,551.09,915.73,1281.03,2340.88,11.93,37.22,34.06
2141,CH,Tiefencastel,Albula,AlbTie,stream,9.57,46.66,2763420,1170145,861.0,529.0,2126.13,852.14,1513.94,1824.77,2192.06,2470.07,2652.7,3311.42,25.45,1.21,82.8
2143,CH,Rekingen,Rhein,RheRek,stream,8.33,47.57,2667060,1269230,329.0,14719.1,1135.56,324.07,429.81,535.44,806.23,1722.2,2296.48,3558.31,14.6,23.47,41.57
2150,CH,Felsenbach,Landquart,LanFel,stream,9.61,46.97,2765364,1204910,588.0,613.7,1797.79,587.67,1089.94,1421.44,1813.24,2182.43,2465.41,3333.62,23.85,1.11,79.08
2151,CH,Oberwil,Simme,SimObe,stream,7.44,46.66,2600060,1167090,792.0,343.7,1638.07,791.75,1066.38,1310.24,1613.09,1875.16,2258.76,3210.0,21.66,3.1,70.64
2152,CH,Luzern-Geissmattbrücke,Reuss,ReuLuz,stream,8.3,47.05,2665330,1211800,432.0,2254.0,1499.73,430.13,490.47,889.36,1499.64,2049.08,2469.95,3597.23,23.47,9.75,70.67
2154,CH,Grandson,Lac_de_Neuchâtel,LdNGra,lake,6.64,46.81,2539220,1184155,427.0,2679.0,774.47,425.26,430.84,499.92,696.24,1059.72,1221.08,1660.32,6.83,37.19,11.59
2155,CH,Wiler-Limpachmündung,Emme,EmmWiT,stream,7.55,47.16,2608220,1223240,472.0,924.1,870.53,458.92,530.1,644.4,840.98,1021.91,1239.34,2162.42,11.98,17.11,32.5
2157,CH,Gerlafingen,Strackbach,StrGer,stream,7.56,47.16,2609270,1223300,468.0,12.7,481.37,457.1,466.78,474.8,481.37,488.3,494.7,511.32,1.19,92.16,0.0
2159,CH,Belp-Mülimatt,Gürbe,GueBel,stream,7.5,46.89,2604810,1192680,523.0,116.1,851.29,521.06,552.23,621.53,738.49,927.35,1424.13,2109.89,11.78,21.4,30.12
2160,CH,Broc-Château_d'en_bas,Sarine,SarBro,stream,7.09,46.6,2573520,1161345,690.0,636.2,1500.59,683.12,977.55,1220.37,1475.43,1748.1,2026.48,3204.46,22.23,3.92,71.03
2161,CH,Blatten_bei_Naters,Massa,MasBla,stream,8.01,46.39,2643700,1137290,1484.0,195.5,2929.36,1472.64,2254.08,2595.21,2968.71,3308.31,3533.94,4088.8,23.32,5.13,68.86
2167,CH,Ponte_Tresa-Rocchetta,Tresa,TrePon,stream,8.85,45.97,2709580,1092145,277.0,609.1,804.3,270.89,283.68,423.42,740.71,1101.84,1427.97,2207.79,20.02,13.19,65.41
2168,CH,Sempach,Sempachersee,SeSSem,lake,8.19,47.13,2656940,1220640,502.0,75.4,586.38,500.02,500.02,513.73,564.15,638.85,717.21,832.16,4.08,46.09,0.87
2170,CH,Genève-Bout_du_Monde,Arve,ArvGen,stream,6.16,46.18,2501220,1115120,383.0,1975.8,1373.77,382.88,511.99,789.41,1243.2,1786.77,2389.03,4787.66,19.92,11.6,59.09
2174,CH,Chancy-Aux_Ripes,Rhône,RhoCha,stream,5.97,46.15,2486600,1112340,339.0,10312.7,1569.92,335.89,432.54,709.14,1464.81,2302.79,2864.01,4787.66,19.74,16.83,59.3
2176,CH,Zürich-Sihlhölzli,Sihl,SihZue,stream,8.53,47.37,2682145,1246890,418.0,342.6,1046.83,414.87,635.89,863.99,1009.18,1267.9,1474.76,2215.94,14.35,12.88,41.97
2179,CH,Thörishaus-Sensematt,Sense,SenTho,stream,7.35,46.89,2593350,1193020,558.0,351.2,1075.48,555.96,743.08,818.73,966.2,1327.52,1538.82,2149.29,13.94,6.84,37.08
2181,CH,Halden,Thur,ThuHal,stream,9.21,47.51,2733560,1263180,462.0,1085.0,913.5,456.98,576.98,676.76,848.45,1062.29,1340.85,2432.11,12.64,13.79,31.86
2185,CH,Chur,Plessur,PleChT,stream,9.51,46.86,2757975,1191925,567.0,264.4,1864.17,567.12,1214.35,1541.96,1919.74,2214.78,2423.4,2923.66,22.73,0.99,77.28
2187,CH,Salez,Werdenberger_Binnenkanal,WeBSal,stream,9.51,47.24,2756795,1234005,435.0,182.6,1009.2,433.85,447.83,472.64,928.19,1402.08,1819.18,2361.14,16.11,25.11,50.45
2199,CH,Basel,Wiese,WieBas,stream,7.6,47.58,2611800,1269700,251.0,454.4,714.92,250.86,379.13,470.49,700.67,921.5,1099.66,1487.06,14.3,10.17,45.8
2200,CH,Zweilütschinen,Weisse_Lütschine,WLuZwe,stream,7.9,46.63,2635310,1164550,657.0,164.9,2147.98,654.48,1284.2,1692.67,2129.87,2590.93,3035.88,4046.19,30.6,0.85,85.41
2202,CH,Liestal,Ergolz,ErgLie,stream,7.73,47.49,2622270,1259750,308.0,261.2,591.39,308.63,429.19,491.83,574.56,667.44,782.79,1163.61,12.48,9.59,33.57
2203,CH,Aigle,Grande_Eau,GrEAig,stream,6.97,46.32,2563960,1129860,419.0,131.6,1564.23,419.81,1049.62,1266.73,1541.36,1808.97,2099.59,3165.2,23.64,1.38,77.04
2205,CH,Untersiggenthal-Stilli,Aare,AarUnt,stream,8.23,47.52,2659970,1263180,333.0,17553.3,1066.12,328.13,447.67,567.21,851.8,1407.28,2012.03,4084.22,14.7,20.85,39.73
2206,CH,Melera_(Valle_Morobbia),Melera,MelMel,stream,9.08,46.17,2726988,1114670,981.0,1.1,1433.19,980.67,1155.21,1291.28,1446.39,1596.26,1677.51,1764.37,29.13,0.12,95.75
2207,CH,Luzern,Vierwaldstättersee,ViSLuz,lake,8.32,47.05,2666950,1211915,432.0,2242.7,1504.16,430.13,491.18,899.71,1504.48,2052.07,2471.68,3597.23,23.53,9.72,70.87
2208,CH,Ligerz-klein_Twann,Bielersee,BiSLig,lake,7.15,47.09,2578320,1215670,426.0,8236.0,1145.23,424.17,499.11,651.01,987.0,1470.21,2047.96,4084.22,14.54,20.95,39.0
2209,CH,Zürich_(Zürichhorn),Zürichsee,ZuSZue,lake,8.55,47.35,2684000,1245475,405.0,1825.0,1223.37,401.92,420.74,578.07,1143.52,1761.89,2161.48,3557.05,19.82,16.05,57.14
2210,CH,Ocourt,Doubs,DouOco,stream,7.08,47.35,2572530,1244460,424.0,1275.4,960.04,417.88,791.5,858.17,970.71,1054.75,1154.65,1446.23,8.76,23.87,16.4
2215,CH,Laupen,Saane,SaaLau,stream,7.23,46.91,2584440,1195300,480.0,1861.8,1140.78,480.41,663.92,760.25,1029.53,1460.18,1755.12,3204.46,15.19,12.72,42.28
2217,CH,Chancy-Vers_Vaux,Rhône,RhoCVV,stream,5.96,46.13,2485440,1110040,332.0,10418.3,1560.3,329.87,432.08,696.37,1451.19,2293.6,2859.19,4787.66,19.61,17.02,58.85
2219,CH,Oberried_/_Lenk,Simme,SimObL,stream,7.47,46.43,2602630,1141660,1096.0,34.7,2331.06,1096.4,1529.85,1985.03,2464.4,2727.0,2815.28,3210.0,22.78,8.25,65.3
2232,CH,Adelboden,Allenbach,AllAde,stream,7.55,46.49,2608710,1148300,1339.0,28.8,1857.5,1339.26,1518.85,1660.54,1836.42,2011.38,2246.28,2711.14,23.91,0.59,76.83
2239,CH,Punt_dal_Gall,Spöl,SpoPun,stream,10.19,46.63,2811020,1167920,1717.0,294.6,2389.85,1704.31,1962.27,2157.64,2395.13,2634.14,2791.2,3244.0,25.57,2.62,82.87
2243,CH,Baden-Limmatpromenade,Limmat,LimBad,stream,8.31,47.48,2665640,1258690,358.0,2393.7,1131.03,358.52,422.16,553.47,992.68,1596.87,2071.9,3557.05,17.86,17.13,50.84
2244,CH,Klusmatten,Krummbach,KruKlu,stream,8.02,46.22,2644500,1119420,1810.0,19.4,2265.22,1805.59,1917.12,2039.23,2261.43,2457.49,2592.9,3173.06,21.07,2.19,67.34
2247,CH,Sortie_du_lac_des_Brenets,Doubs,DouSor,stream,6.71,47.08,2544560,1214880,748.0,867.4,985.29,747.3,825.23,873.73,974.8,1070.68,1172.84,1446.23,7.38,27.27,10.96
2251,CH,Plaffeien-Schwyberg,Rotenbach,RotPla,stream,7.28,46.69,2587980,1170590,1298.0,1.7,1459.82,1301.23,1353.52,1396.34,1455.83,1520.63,1572.11,1611.62,12.28,0.55,23.45
2252,CH,Plaffeien-Schwyberg,Schwändlibach,SchPla,stream,7.29,46.69,2588340,1171015,1242.0,1.4,1448.92,1246.89,1312.05,1361.27,1446.02,1534.7,1587.87,1639.59,12.99,0.41,25.93
2256,CH,Pontresina,Rosegbach,RosPon,stream,9.9,46.49,2788810,1151690,1775.0,66.5,2700.58,1774.55,2074.56,2349.79,2722.12,3041.09,3261.74,3981.42,27.49,1.59,85.11
2262,CH,Pontresina,Berninabach,BerPon,stream,9.91,46.49,2789440,1151320,1813.0,106.9,2608.75,1813.34,2100.75,2321.0,2600.41,2845.48,3076.33,3973.3,24.67,2.28,77.12
2263,CH,La_Punt-Chamues-ch,Chamuerabach,ChaLaP,stream,9.94,46.57,2791430,1160600,1740.0,73.4,2544.42,1729.32,2172.11,2368.05,2574.36,2747.71,2863.28,3190.7,25.81,0.46,87.45
2265,CH,Tarasp,Inn,InnTar,stream,10.28,46.79,2816800,1185910,1216.0,1580.8,2383.15,1204.21,1825.29,2098.34,2416.44,2681.08,2857.39,3981.42,25.34,2.66,80.92
2268,CH,Gletsch,Rhone_(Rotten),RhoGle,stream,8.36,46.56,2670810,1157200,1761.0,39.4,2701.55,1759.21,2139.59,2435.0,2735.26,2978.14,3218.42,3599.15,21.99,2.58,69.91
2269,CH,Blatten,Lonza,LonBla,stream,7.82,46.42,2629130,1140910,1535.0,77.4,2615.39,1530.02,1953.67,2247.54,2650.27,2991.78,3197.69,3832.44,28.8,0.6,85.89
2270,CH,Combe_des_Sarrasins,Doubs,DouCom,stream,6.88,47.2,2557530,1227320,561.0,998.5,985.12,550.62,823.87,878.21,980.59,1068.42,1169.11,1446.23,7.89,25.97,12.59
2276,CH,Isenthal,Grosstalbach,GroIse,stream,8.56,46.91,2685500,1196050,774.0,43.9,1811.45,770.62,1175.75,1460.51,1788.66,2150.22,2510.58,2915.2,29.03,0.62,85.53
2282,CH,Wasen-Kurzeneialp,Sperbelgraben,SpeWas,stream,7.84,47.02,2630725,1207270,961.0,0.6,1075.41,961.65,998.47,1030.27,1074.54,1125.92,1151.1,1177.63,18.95,0.89,71.74
2283,CH,Wasen-Riedbad,Rappengraben,RapWas,stream,7.89,47.02,2634340,1207350,1042.0,0.6,1145.42,1038.87,1072.68,1106.14,1148.55,1187.0,1212.01,1242.76,17.93,0.93,71.86
2288,CH,Neuhausen-Flurlingerbrücke,Rhein,RheNeu,stream,8.63,47.68,2689145,1281975,384.0,11882.2,1244.54,384.14,431.31,566.26,1010.7,1902.07,2375.19,3558.31,16.0,22.28,47.14
2289,CH,Basel-Rheinhalle,Rhein,RheBas,stream,7.62,47.56,2613400,1267650,249.0,35832.1,1055.6,249.08,435.0,544.64,799.55,1436.41,2118.77,4084.22,14.21,21.66,38.86
2290,CH,St-Sulpice,Areuse,AreStS,stream,6.56,46.91,2532980,1195880,754.0,104.1,1117.45,750.06,1043.88,1068.77,1116.96,1168.35,1203.34,1325.6,6.83,24.7,7.57
2299,CH,Erstfeld-Bodenberg,Alpbach,AlpErs,stream,8.6,46.81,2688560,1185120,1032.0,20.7,2186.07,1031.97,1576.79,1816.77,2190.69,2599.8,2805.81,3128.55,31.99,0.82,86.24
2300,CH,Euthal-Rüti,Minster,MinEut,stream,8.81,47.08,2704425,1215310,888.0,59.1,1351.59,887.74,1032.43,1168.08,1353.78,1504.94,1668.22,2215.94,17.79,3.38,53.39
2303,CH,Jonschwil-Mühlau,Thur,ThuJon,stream,9.08,47.41,2723675,1252720,548.0,492.9,1026.39,537.71,696.27,793.0,945.26,1193.35,1471.89,2432.11,15.72,5.19,45.19
2304,CH,Zernez-Punt_la_Drossa,Ova_dal_Fuorn,OdFZer,stream,10.19,46.66,2810560,1170790,1739.0,55.3,2331.52,1740.14,1972.55,2110.49,2306.97,2550.19,2726.93,3115.0,23.46,1.56,77.23
2305,CH,Herisau-Zellersmühle,Glatt,GlaHer,stream,9.26,47.4,2737270,1251290,688.0,16.7,836.56,690.62,751.16,783.29,835.58,886.34,924.87,1056.02,10.47,6.2,19.69
2307,CH,Sonceboz,Suze,SuzSon,stream,7.17,47.2,2579810,1227350,646.0,127.2,1043.59,646.22,738.42,860.25,1084.94,1195.5,1303.03,1593.13,12.97,9.01,32.74
2308,CH,Goldach-Bleiche,Goldach,GolGol,stream,9.47,47.49,2753190,1261590,404.0,50.4,839.38,403.59,584.76,708.12,874.63,970.21,1045.0,1244.53,10.97,6.88,22.65
2309,CH,Horn-Farbmühle,Mühlebach,MueHor,stream,9.47,47.49,2752895,1261830,403.0,0.6,430.51,401.17,407.51,415.41,423.91,447.37,463.09,475.25,3.78,56.53,0.0
2312,CH,Salmsach-Hungerbühl,Aach,AacSal,stream,9.36,47.55,2744410,1268400,413.0,47.4,476.2,413.02,440.36,449.88,468.2,499.67,524.67,572.05,2.75,67.08,0.07
2319,CH,Zernez,Ova_da_Cluozza,OdCZer,stream,10.12,46.69,2804930,1174830,1545.0,26.9,2361.63,1545.31,1909.99,2091.34,2374.63,2629.24,2800.78,3114.7,31.31,0.31,91.84
2321,CH,Pregassona,Cassarate,CasPre,stream,8.96,46.02,2718010,1097380,293.0,75.8,988.56,291.66,492.53,692.88,978.53,1262.36,1497.8,2082.42,21.38,1.66,76.97
2327,CH,Davos-Kriegsmatte,Dischmabach,DisDav,stream,9.88,46.78,2786220,1183370,1690.0,42.9,2371.21,1688.57,1955.04,2161.67,2404.81,2580.17,2730.4,3080.8,25.47,0.84,83.34
2342,CH,Brig,Saltina,SalBri,stream,7.99,46.32,2642220,1129630,684.0,76.5,2014.37,684.41,1207.04,1630.95,2081.15,2431.91,2682.77,3352.18,27.33,0.63,85.98
2343,CH,Huttwil-Häberenbad,Langeten,LanHut,stream,7.83,47.12,2629560,1219135,608.0,59.9,765.18,607.81,679.39,715.41,759.53,802.63,856.51,1094.66,8.36,11.33,8.39
2346,CH,Brig,Rhone_(Rotten),RhoBri,stream,7.98,46.32,2641340,1129700,674.0,906.1,2335.22,667.25,1401.92,1884.49,2371.56,2793.87,3204.8,4133.97,25.57,2.51,79.66
2347,CH,Roveredo-Bacino_di_compenso,Riale_di_Roggiasca,RdRRov,stream,9.17,46.2,2733545,1118160,1012.0,8.1,1702.84,993.97,1331.48,1513.1,1724.98,1908.12,2040.16,2277.44,29.94,0.19,93.32
2349,CH,Chiasso-Ponte_di_Polenta,Breggia,BreChi,stream,9.01,45.85,2722315,1078320,257.0,47.1,934.28,256.54,599.39,753.48,940.66,1104.3,1274.41,1641.78,24.45,0.51,85.47
2351,CH,Visp,Vispa,VisVis,stream,7.88,46.28,2634030,1125900,658.0,785.8,2641.94,657.93,1636.41,2189.5,2725.25,3124.92,3493.78,4521.34,26.98,1.32,81.17
2352,CH,Linthal-Ausgleichsbecken_KLL,Linth,LinLin,stream,8.99,46.92,2718285,1197310,676.0,146.9,2068.35,668.54,1324.21,1670.06,2086.61,2493.36,2797.61,3557.05,29.95,2.33,82.57
2355,CH,Davos-Frauenkirch,Landwasser,LanDav,stream,9.79,46.76,2779640,1181200,1499.0,183.7,2222.28,1490.91,1712.95,1964.68,2263.67,2483.49,2645.99,3080.8,23.59,1.88,80.17
2356,CH,Cavergno-Pontit,Riale_di_Calneggia,RdCCav,stream,8.54,46.37,2684970,1135960,897.0,23.9,1985.58,894.79,1272.62,1692.68,2095.73,2315.67,2494.53,2868.52,32.0,1.24,93.0
2364,CH,Piotta,Ticino,TicPio,stream,8.67,46.52,2694610,1152450,1017.0,158.9,2064.81,1009.55,1451.84,1774.84,2104.8,2387.81,2579.25,3120.78,25.96,1.05,83.31
2366,CH,La_Rösa,Poschiavino,PosLaR,stream,10.07,46.4,2802120,1142010,1872.0,14.1,2285.03,1871.5,1975.91,2108.97,2270.08,2421.86,2630.27,2975.82,22.99,1.06,76.8
2368,CH,Locarno-Solduno,Maggia,MagLoc,stream,8.77,46.17,2703100,1113860,207.0,928.8,1533.58,203.66,740.82,1094.39,1557.38,1979.19,2294.39,3209.69,29.42,1.86,89.35
2369,CH,Yvonand-La_Mauguettaz,Mentue,MenYvo,stream,6.72,46.78,2545440,1180875,468.0,105.3,682.62,454.75,566.0,615.46,670.64,747.24,819.26,938.13,5.17,35.21,3.42
2370,CH,Le_Noirmont-La_Goule,Doubs,DouLeN,stream,6.93,47.23,2561430,1231050,525.0,1046.7,985.07,523.44,822.89,878.75,983.03,1068.55,1168.14,1446.23,7.97,25.7,12.89
2371,CH,Le_Chenit-Frontière,Orbe,OrbLeC,stream,6.15,46.55,2501445,1156305,1041.0,45.8,1235.66,1041.28,1063.25,1101.62,1220.29,1339.01,1468.18,1559.74,9.77,19.95,22.01
2372,CH,Mollis-Linthbrücke,Linth,LinMol,stream,9.07,47.1,2723985,1217965,436.0,600.2,1736.39,436.33,888.64,1339.82,1776.85,2145.13,2469.65,3557.05,28.36,2.49,82.24
2374,CH,Mogelsberg-Aachsäge,Necker,NecMog,stream,9.12,47.36,2727110,1247290,623.0,88.1,962.01,615.22,761.26,837.74,935.51,1065.89,1213.01,1513.23,13.95,4.37,38.41
2378,CH,Orbe-Le_Chalet,Orbe,OrbOrb,stream,6.52,46.73,2530080,1175560,464.0,342.8,1146.92,462.42,844.83,1054.3,1184.7,1280.18,1367.3,1660.32,9.57,17.33,18.38
2386,CH,Frauenfeld,Murg,MurFra,stream,8.89,47.57,2709540,1269660,392.0,213.3,595.73,393.03,485.48,519.87,570.29,659.29,748.07,1025.97,7.25,29.87,12.91
2387,CH,Fürstenau,Hinterrhein,HinFue,stream,9.45,46.72,2753570,1175730,658.0,1576.9,2123.88,644.71,1460.16,1820.54,2192.4,2482.83,2675.11,3343.87,24.54,1.48,79.73
2392,CH,Rheinau,Rhein_(Oberwasser),RObRhe,stream,8.6,47.64,2687420,1277140,358.0,11902.5,1243.19,357.91,430.93,565.25,1007.47,1900.71,2374.63,3558.31,15.98,22.31,47.07
2403,CH,Cinuos-Chel,Inn,InnCin,stream,10.02,46.64,2797700,1168170,1615.0,733.5,2453.26,1615.07,1862.29,2157.65,2483.82,2743.45,2931.15,3981.42,24.34,3.98,78.03
2409,CH,Eggiwil-Heidbüel,Emme,EmmEgg,stream,7.8,46.87,2627910,1191180,752.0,124.4,1281.56,747.95,942.74,1054.75,1251.54,1470.4,1672.46,2162.42,18.12,2.24,55.31
2410,CH,Ruggell,Liechtensteiner_Binnenkanal,LiBRug,stream,9.52,47.24,2757750,1234590,437.0,114.5,859.93,435.27,443.93,470.07,629.92,1166.98,1638.91,2546.47,18.44,25.46,50.94
2412,CH,Vuippens-Château,Sionge,SioVui,stream,7.08,46.66,2572420,1167540,693.0,43.4,871.82,695.67,743.85,784.57,841.35,915.29,1039.36,1408.2,5.91,38.63,5.63
2414,CH,Mosnang-Rietholz,Rietholzbach,RieMos,stream,9.01,47.38,2718840,1248440,708.0,3.2,801.95,708.35,744.03,764.45,795.97,838.0,866.95,932.1,11.35,3.96,23.08
2415,CH,Rheinsfelden,Glatt,GlaRhe,stream,8.48,47.57,2678040,1269720,360.0,417.4,505.86,341.86,424.87,440.86,482.91,541.65,609.7,1080.46,4.56,47.94,3.43
2416,CH,Hitzkirch-Richensee,Aabach,AabHit,stream,8.25,47.22,2661390,1230220,460.0,73.3,585.2,459.98,468.01,496.78,558.56,664.75,742.16,875.89,4.81,38.37,1.46
2417,CH,Oberkirch,Suhre,SuhObe,stream,8.12,47.16,2651320,1223140,500.0,75.6,586.13,500.02,500.02,513.52,563.88,638.38,717.05,832.16,4.08,46.08,0.86
2418,CH,Tiefencastel,Julia,JulTie,stream,9.58,46.66,2763570,1169910,867.0,324.7,2191.07,869.52,1546.13,1913.23,2250.87,2515.69,2705.44,3340.43,22.8,1.51,74.86
2419,CH,Reckingen,Rhone_(Rotten),RhoRec,stream,8.24,46.47,2661910,1146780,1316.0,214.3,2299.99,1316.2,1573.43,1958.02,2352.71,2650.43,2897.89,3599.15,24.72,3.11,79.46
2420,CH,Lumino-Sassello,Moesa,MoeLum,stream,9.06,46.22,2724765,1120360,245.0,471.9,1667.39,243.63,762.79,1261.37,1740.83,2130.36,2411.46,3169.93,30.29,2.08,88.19
2426,CH,Mels,Seez,SeeMel,stream,9.42,47.05,2750410,1212510,499.0,106.1,1796.35,480.07,1139.26,1487.86,1861.89,2142.71,2328.19,2818.14,27.91,0.65,85.63
2430,CH,Somvitg-Encardens,Rein_da_Sumvitg,RdSSum,stream,8.99,46.65,2718810,1167690,1482.0,21.8,2445.26,1488.63,2150.06,2268.71,2434.47,2641.18,2805.27,3117.06,25.37,2.84,77.82
2432,CH,Ecublens-Les_Bois,Venoge,VenEcu,stream,6.55,46.54,2532040,1154160,389.0,227.6,695.58,386.49,460.78,518.11,600.5,741.29,1160.88,1662.21,6.05,37.89,8.51
2433,CH,Allaman-Le_Coulet,Aubonne,AubAll,stream,6.41,46.47,2520720,1147410,395.0,105.3,962.04,394.22,628.48,696.49,846.1,1313.59,1408.63,1601.98,7.94,22.13,12.84
2434,CH,Olten-Hammermühle,Dünnern,DueOlt,stream,7.89,47.35,2634330,1244480,406.0,233.8,714.71,405.27,448.65,504.74,707.88,874.76,1025.6,1383.03,13.41,19.56,40.31
2436,CH,Alpnach-Chilch-Erli,Chli_Schliere,ChSAlp,stream,8.28,46.94,2663800,1199570,454.0,21.6,1349.57,453.48,761.82,1201.66,1417.76,1581.34,1734.79,2086.83,21.8,1.45,70.61
2437,CH,Ecublens-Eschiens,Parimbot,ParEcu,stream,6.81,46.6,2552060,1161650,591.0,6.9,725.28,588.56,693.94,709.65,725.17,747.24,764.32,837.11,5.25,36.83,3.91
2446,CH,Gampelen-Zihlbrücke,Zihlkanal,ZihGam,stream,7.03,47.02,2569250,1207860,427.0,2695.5,772.48,425.26,430.61,497.35,693.49,1058.0,1220.34,1660.32,6.81,37.38,11.53
2447,CH,Sugiez,Canal_de_la_Broye,CdlBro,stream,7.11,46.96,2575340,1201450,430.0,713.4,644.39,428.75,443.83,501.53,645.17,747.6,835.7,1499.39,5.52,38.19,5.22
2450,CH,Zofingen,Wigger,WigZof,stream,7.94,47.28,2637580,1237080,432.0,366.2,661.97,429.63,504.14,556.67,645.11,723.56,857.83,1390.96,8.65,23.76,17.02
2457,CH,Ringgenberg-Goldswil,Aare,AarRin,stream,7.88,46.69,2633730,1171510,570.0,1137.6,1940.25,550.15,865.19,1406.17,1961.58,2484.62,2906.81,4084.22,27.11,5.53,78.95
2458,CH,Valangin,Seyon,SeyVal,stream,6.9,47.01,2559370,1206810,665.0,112.3,986.22,653.18,737.79,786.28,964.35,1167.76,1263.98,1532.12,10.49,19.95,24.92
2461,CH,Magliaso-Ponte,Magliasina,MagMag,stream,8.88,45.98,2711620,1093290,301.0,34.4,928.3,302.3,561.44,673.13,848.1,1177.65,1419.38,1904.62,21.48,1.21,73.5
2462,CH,S-chanf,Inn,InnSCh,stream,10.0,46.62,2795800,1165910,1648.0,616.0,2459.88,1647.48,1855.01,2152.12,2486.1,2757.26,2956.94,3981.42,24.09,4.53,77.13
2463,CH,Bioggio-Campagna,Vecchio_Vedeggio,VVeBio,stream,8.91,46.01,2714340,1096590,282.0,5.4,526.12,280.97,294.8,332.74,476.09,677.54,871.25,973.7,16.34,14.23,53.65
2467,CH,Gümmenen,Saane,SaaGue,stream,7.24,46.94,2585100,1199240,473.0,1881.3,1134.97,472.46,657.65,754.64,1019.79,1456.22,1752.08,3204.46,15.09,12.98,41.89
2468,CH,St._Gallen-Bruggen_/_Au,Sitter,SitStG,stream,9.33,47.41,2742540,1253230,580.0,261.1,1044.52,579.19,783.96,863.01,973.53,1150.32,1377.87,2431.31,14.73,6.56,37.24
2469,CH,Hondrich,Kander,KanHon,stream,7.67,46.67,2617790,1168400,654.0,490.7,1845.96,650.85,1045.69,1399.0,1825.96,2255.85,2667.98,3675.06,27.09,2.51,81.27
2471,CH,Murgenthal-Walliswil,Murg,MurMur,stream,7.83,47.25,2629340,1233555,421.0,183.4,659.15,419.19,498.85,567.67,671.13,742.85,796.12,1094.66,7.78,19.68,8.81
2473,CH,Diepoldsau-Rietbrücke,Rhein,RheDie,stream,9.64,47.38,2766280,1250360,409.0,6297.4,1770.67,407.61,817.25,1328.6,1846.7,2268.07,2549.91,3558.31,23.84,4.95,76.36
2474,CH,Buseno,Calancasca,CalBus,stream,9.12,46.28,2729440,1127180,768.0,120.5,1930.4,767.95,1275.33,1599.86,1968.9,2275.82,2507.5,3169.93,31.66,0.38,93.95
2475,CH,Bignasco-Ponte_nuovo,Maggia,MagBig,stream,8.61,46.34,2690040,1132550,438.0,315.5,1879.22,436.83,1089.3,1519.46,1965.98,2285.76,2503.37,3209.69,31.0,1.46,90.51
2477,CH,Zug-Letzi,Lorze,LorZug,stream,8.5,47.18,2680600,1226070,419.0,100.2,821.76,419.26,543.84,723.41,804.82,966.03,1083.22,1556.38,10.35,22.6,26.87
2478,CH,Soyhières-Bois_du_Treuil,Birse,BirSoy,stream,7.4,47.39,2596780,1249070,394.0,569.5,810.4,391.09,506.13,626.27,816.46,980.09,1089.92,1418.57,13.73,11.8,37.54
2480,CH,Boudry,Areuse,AreBou,stream,6.84,46.95,2554350,1199940,456.0,377.7,1083.97,447.96,831.27,1027.95,1110.69,1180.37,1244.85,1570.3,10.33,20.01,22.76
2481,CH,Buochs-Flugplatz,Engelberger_Aa,EnABuo,stream,8.41,46.97,2673555,1202870,441.0,228.0,1604.12,441.24,815.81,1176.5,1599.17,2043.6,2387.5,3137.86,27.16,2.82,81.21
2484,CH,Lauerz-Chlostermatt,Lauerzersee,LaSLau,lake,8.6,47.03,2688020,1209530,448.0,72.4,883.66,442.63,463.07,599.56,866.94,1136.45,1324.47,1641.88,15.35,11.92,49.59
2485,CH,Boncourt-Frontière,Allaine,AllBon,stream,7.01,47.5,2567830,1261200,368.0,212.0,568.91,365.91,462.66,496.83,552.62,608.79,718.23,992.52,7.52,28.87,12.94
2486,CH,Vevey-Copet,Veveyse,VevVev,stream,6.85,46.47,2554675,1146565,409.0,64.5,1105.31,401.85,695.24,849.98,1141.72,1334.7,1481.83,1932.5,15.43,4.78,45.4
2487,CH,Werthenstein-Chappelboden,Kleine_Emme,KlEWer,stream,8.07,47.03,2647870,1209510,600.0,311.5,1170.7,605.96,792.27,915.33,1103.58,1399.06,1644.13,2290.46,17.29,3.47,54.24
2488,CH,Latterbach,Simme,SimLaT,stream,7.58,46.66,2610680,1167840,667.0,563.2,1591.61,666.44,1028.25,1280.74,1591.38,1848.19,2105.58,3210.0,22.84,2.33,73.96
2490,CH,Dardagny-Les_Granges,Allondon,AllDar,stream,6.0,46.22,2488880,1119460,404.0,119.4,768.66,401.93,454.98,474.09,571.2,1025.27,1403.74,1718.65,10.49,36.69,31.89
2491,CH,Bürglen-Galgenwäldli,Schächen,SchBue,stream,8.65,46.87,2692480,1191800,491.0,107.9,1719.88,491.08,1056.1,1356.2,1736.24,2074.58,2340.07,3218.88,27.83,0.6,84.53
2493,CH,Gland-Route_Suisse,Promenthouse,ProGla,stream,6.27,46.41,2510080,1140080,400.0,119.8,1036.5,396.86,538.49,759.83,1122.38,1312.14,1391.91,1618.84,8.94,15.82,15.65
2494,CH,Pollegio-Campagna,Ticino,TicPol,stream,8.95,46.36,2716120,1135330,296.0,443.8,1795.34,293.8,1008.35,1416.26,1872.81,2222.85,2463.53,3120.78,27.84,2.18,84.61
2497,CH,Nebikon,Luthern,LutNeb,stream,7.97,47.19,2640560,1226740,489.0,104.7,754.88,488.33,602.2,658.23,709.17,838.33,980.38,1390.96,10.1,12.99,21.1
2498,CH,Castrisch,Glenner,GleCas,stream,9.21,46.77,2735329,1181796,706.0,380.9,2013.47,705.23,1268.08,1641.02,2060.76,2417.53,2660.23,3328.09,26.38,0.78,85.23
2500,CH,Ittigen,Worble,WorItt,stream,7.48,46.97,2603005,1202455,526.0,67.1,676.63,524.7,560.79,589.23,662.6,743.72,820.08,953.76,8.23,23.67,14.72
2602,CH,Domat/Ems,Rhein,RheDom,stream,9.46,46.84,2753890,1189370,569.0,3228.6,2009.8,567.64,1211.74,1641.96,2089.47,2433.63,2651.22,3558.31,24.68,1.77,79.81
2603,CH,Langnau,Ilfis,IlfLan,stream,7.8,46.94,2627320,1198600,688.0,187.4,1046.54,686.83,835.65,915.91,1015.12,1138.77,1300.17,2044.88,16.85,3.58,55.68
2604,CH,Biberbrugg,Biber,BibBib,stream,8.72,47.15,2697240,1223280,833.0,31.9,1008.24,832.28,897.59,916.01,980.81,1078.43,1168.74,1489.48,11.25,18.28,32.14
2605,CH,Lavertezzo-Campiöi,Verzasca,VerLav,stream,8.84,46.25,2708420,1122920,506.0,185.1,1662.47,502.9,988.82,1314.63,1711.08,2025.43,2241.92,2836.39,34.32,0.43,94.78
2606,CH,Genève-Halle_de_l'ìle,Rhône,RhoGen,stream,6.14,46.2,2499890,1117850,372.0,8002.1,1658.22,367.12,416.65,749.42,1610.01,2437.17,2932.5,4521.34,20.21,16.95,61.12
2607,CH,Oberwald,Goneri,GonObe,stream,8.36,46.53,2670467,1153932,1388.0,38.6,2371.99,1388.92,1839.67,2124.33,2429.65,2655.26,2791.8,3121.35,28.4,0.29,89.06
2608,CH,Neuenkirch,Sellenbodenbach,SelNeu,stream,8.21,47.11,2658530,1218290,518.0,10.4,612.34,518.13,537.9,554.1,576.59,670.37,746.82,832.16,4.68,36.61,0.53
2609,CH,Einsiedeln,Alp,AlpEin,stream,8.74,47.15,2698640,1223020,858.0,46.7,1161.19,857.03,905.16,974.28,1149.52,1334.1,1436.59,1783.29,15.32,10.37,50.09
2610,CH,Vicques,Scheulte,SchVic,stream,7.43,47.35,2599485,1244150,468.0,72.7,796.13,467.86,551.4,614.79,790.18,945.06,1072.51,1274.27,16.79,6.67,51.53
2612,CH,Lavertezzo,Riale_di_Pincascia,RdPLav,stream,8.84,46.26,2708060,1123950,553.0,44.5,1710.5,556.08,1107.51,1429.06,1778.48,2039.94,2190.8,2464.07,33.84,0.15,95.26
2613,CH,Weil-Palmrainbrücke_(_D_),Rhein,RheWei,stream,7.59,47.6,2611740,1272310,246.0,36404.4,1049.18,240.66,433.36,542.05,795.08,1420.86,2110.07,4084.22,14.19,21.58,38.85
2615,CH,Basel-Klingenthalfähre,Rhein,RheBKl,stream,7.59,47.56,2611140,1267900,251.0,35926.0,1053.91,246.71,434.26,543.3,797.65,1433.85,2117.34,4084.22,14.19,21.69,38.78
2617,CH,Müstair,Rom,RomMue,stream,10.45,46.63,2830800,1168700,1240.0,128.6,2188.92,1238.19,1626.09,1884.43,2232.39,2511.52,2701.44,2999.48,23.24,1.3,77.58
2620,CH,Soglio,Mera,MerSog,stream,9.53,46.33,2760770,1133450,767.0,177.4,2170.63,763.56,1309.65,1779.88,2263.62,2623.05,2846.44,3316.81,29.03,1.87,84.47
2623,CH,Oberwald,Rhone,RhoObe,stream,8.35,46.53,2669900,1154075,1372.0,93.3,2458.29,1371.86,1839.26,2154.39,2486.31,2765.94,2999.34,3599.15,24.95,1.66,79.31
2629,CH,Agno,Vedeggio,VedAgn,stream,8.91,46.0,2714110,1095680,277.0,99.9,921.84,275.4,403.33,517.05,870.53,1245.5,1569.99,2198.7,21.54,5.78,70.31
2630,CH,Sion,Sionne,SioSio,stream,7.37,46.23,2594400,1119900,496.0,27.6,1577.92,496.69,797.88,1025.16,1525.37,2089.59,2518.9,2868.97,21.75,1.58,66.45
2631,CH,Hinterrhein,Hinterrhein-Schiessplatz,HinHin,stream,9.18,46.52,2733706,1153945,1616.0,41.5,2418.04,1617.11,1904.5,2107.27,2439.89,2723.1,2908.25,3343.87,27.27,1.39,81.3
2634,CH,Emmen,Kleine_Emme,KlEEmm,stream,8.28,47.07,2663700,1213630,442.0,478.3,1057.82,438.32,662.54,800.89,993.77,1286.81,1565.56,2290.46,15.75,6.74,47.0
2635,CH,Einsiedeln-Gross,Grossbach,GroEin,stream,8.77,47.11,2700710,1218125,950.0,8.9,1285.8,950.85,1053.72,1182.95,1303.68,1411.38,1471.06,1587.29,19.0,1.68,66.41
2640,CH,Delémont,Sorne,SorDel,stream,7.35,47.36,2593380,1245940,414.0,213.9,785.27,410.2,491.84,577.76,821.08,967.18,1033.26,1326.25,11.95,15.43,30.99
2642,CH,Neuchâtel-Nid-du-Crô,Lac_de_Neuchâtel,LdNNeu,lake,6.95,47.0,2562913,1205165,431.0,2679.0,774.47,425.26,430.84,499.92,696.24,1059.72,1221.08,1660.32,6.83,37.19,11.59
2644,CH,Celerina,Inn,InnCel,stream,9.86,46.51,2786049,1154253,1715.0,176.2,2356.68,1711.97,1814.12,2004.19,2358.83,2666.41,2880.86,3407.23,22.55,7.39,72.05
3001,A,Bangs,Rhein,RheBan,stream,9.53,47.27,2758505,1237839,431.0,4652.7,1879.92,430.57,988.77,1474.85,1965.22,2353.58,2601.21,3558.31,24.17,3.34,77.83
3002,A,Meiningen_(Guefel),Ehbach,EhbMei,stream,9.58,47.31,2761862,1241627,423.0,39.1,510.88,421.2,430.15,440.02,452.15,531.07,646.84,1211.44,6.4,59.88,16.59
3003,A,Gisingen,Ill,IllGis,stream,9.58,47.26,2761970,1236592,445.0,1279.3,1611.02,443.89,773.7,1206.46,1669.87,2030.69,2302.96,3246.36,25.17,4.13,79.17
3004,A,Brederis,Ehbach,EhbBre,stream,9.59,47.28,2762960,1239064,431.0,25.2,550.02,432.13,442.6,449.12,492.7,585.6,740.98,1211.44,9.1,43.66,25.74
3005,A,Amerluegen,Samina,SamAme,stream,9.61,47.21,2764826,1230699,674.0,68.7,1556.51,631.23,1044.62,1328.83,1606.42,1814.17,1958.16,2513.37,27.85,0.36,88.7
3006,A,Lustenau_(Hoechster_Bruecke),Rhein,RheLus,stream,9.66,47.45,2767612,1257874,400.0,6299.4,1770.23,400.34,815.82,1327.98,1846.42,2267.94,2549.84,3558.31,23.83,4.98,76.34
3007,A,Lauterach,Dornbirnerach,DorLau,stream,9.68,47.46,2769017,1259147,407.0,195.8,761.15,394.95,411.06,420.83,672.1,1052.68,1284.14,1922.28,12.89,34.88,39.9
3008,A,Hohenems,Emsbach,EmsHoh,stream,9.68,47.37,2769100,1249106,412.0,8.2,947.71,408.43,487.8,658.83,961.44,1221.93,1360.8,1611.24,21.76,7.48,71.58
3009,A,Beschling,Ill,IllBes,stream,9.68,47.2,2769630,1229979,490.0,1134.4,1669.0,489.42,886.9,1288.74,1721.78,2073.34,2329.13,3246.36,25.72,3.37,81.02
3010,A,Lustenau_(Hofsteig),Rheintalbinnenkanal,RbkLus,stream,9.7,47.43,2770292,1256198,403.0,77.5,585.55,394.95,410.5,414.18,428.41,657.4,1062.42,1621.5,10.22,55.59,29.3
3011,A,Hoher_Steg,Dornbirnerach,DorHoh,stream,9.7,47.45,2770558,1257676,403.0,113.1,897.88,400.01,418.95,607.69,888.6,1169.72,1355.64,1922.28,15.26,17.75,49.01
3012,A,Unterhochsteg_(Summenpegel),Leiblach_mit_Werkskanal,LeiUnt,stream,9.74,47.54,2772968,1267685,400.0,105.4,632.81,398.15,475.52,534.41,611.47,721.67,815.74,1069.68,5.57,35.83,5.47
3013,A,Laterns,Frutz,FruLat,stream,9.73,47.26,2773328,1236532,848.0,33.1,1470.07,845.9,1139.28,1290.74,1497.31,1655.84,1765.53,1949.01,23.2,0.62,78.85
3014,A,Lochau,Ruggbach,RugLoc,stream,9.74,47.53,2773575,1267444,407.0,7.2,775.91,404.56,465.58,660.2,810.9,920.7,989.47,1063.49,12.74,6.85,32.29
3015,A,Schwarzach,Schwarzach,SchScw,stream,9.76,47.45,2774883,1257621,429.0,17.6,850.6,426.83,656.05,702.24,818.67,985.13,1148.32,1389.8,12.23,9.22,31.59
3016,A,Enz,Dornbirnerach,DorEnz,stream,9.76,47.4,2775345,1252188,481.0,53.3,1151.87,479.37,797.32,984.5,1165.71,1324.15,1480.92,1922.28,21.49,0.7,75.08
3017,A,Kennelbach,Bregenzerach,BreKen,stream,9.78,47.48,2776102,1261003,444.0,823.5,1122.72,431.78,658.97,793.29,1066.02,1403.6,1679.06,2582.9,17.85,6.46,53.65
3018,A,Buers_(Bruecke_L82),Alvier,AlvBue,stream,9.8,47.15,2779268,1224901,568.0,72.6,1781.73,567.79,1110.03,1453.55,1802.5,2113.92,2398.88,2913.7,28.52,2.48,83.18
3019,A,Loruens-Aeule,Ill,IllLor,stream,9.85,47.13,2782652,1222860,589.0,536.0,1843.62,583.22,1068.9,1509.07,1916.67,2218.15,2438.21,3246.36,25.71,1.94,82.08
3020,A,Thal_(Martinsbrücke),Rotach,RotTha,stream,9.87,47.53,2783405,1267018,548.0,83.2,765.75,547.55,622.76,681.45,750.36,836.09,945.49,1081.08,7.24,21.86,8.49
3021,A,Mellau,Bregenzerach,BreMel,stream,9.88,47.35,2784510,1247740,676.0,227.5,1467.73,682.2,926.13,1225.4,1508.25,1729.32,1891.12,2582.9,24.57,2.26,78.98
3022,A,Garsella,Lutz,LutGar,stream,9.88,47.23,2784554,1233509,747.0,95.4,1606.34,738.0,1059.22,1306.76,1614.31,1900.81,2138.41,2634.2,28.26,0.65,88.42
3023,A,Reuthe,Bizauerbach,BizReu,stream,9.89,47.37,2785465,1249411,658.0,14.3,1117.46,649.03,729.89,902.34,1115.55,1321.55,1492.71,1795.6,22.76,5.53,75.89
3024,A,Krumbach-Zwing,Weissach,WeiKru,stream,9.92,47.5,2786782,1264220,569.0,200.3,1095.86,567.41,743.01,886.33,1105.8,1297.91,1434.41,1802.4,16.51,4.79,51.23
3025,A,Schruns_(Vonbunweg),Litz,LitSch,stream,9.91,47.08,2787930,1217330,679.0,101.9,1774.32,677.6,1143.72,1485.49,1828.69,2094.79,2299.75,2732.96,26.04,0.68,85.47
3026,A,Hittisau_(VKW),Bolgenach,BolHit,stream,9.96,47.46,2790369,1259948,752.0,80.9,1237.39,752.75,978.74,1085.46,1243.77,1389.59,1488.96,1802.4,18.34,3.3,60.98
3027,A,Au,Bregenzerach,BregAu,stream,9.97,47.33,2791574,1244958,782.0,147.2,1550.54,778.3,1055.8,1325.8,1595.7,1788.8,1943.25,2582.9,24.88,1.64,80.66
3028,A,Kaelberweide,Leckenbach,LecKae,stream,10.02,47.47,2794634,1260963,983.0,14.7,1298.45,978.61,1069.38,1160.86,1285.79,1431.75,1542.02,1802.4,21.54,1.96,72.05
3029,A,Schoenenbach_(Hengstig),Subersach,SubSch,stream,10.04,47.39,2796455,1251598,999.0,30.5,1480.43,1000.63,1105.95,1286.06,1476.92,1689.34,1834.65,2043.8,21.85,2.28,68.72
3030,A,Hopfreben,Bregenzerach,BreHop,stream,10.05,47.29,2797333,1240452,968.0,40.7,1714.6,981.14,1294.77,1520.94,1723.01,1920.45,2101.54,2582.9,26.54,1.29,82.89
3031,A,Kloesterle_(OEBB),Alfenz,AlfKlo,stream,10.06,47.13,2798898,1222956,1037.0,65.7,1886.6,1015.2,1365.99,1612.12,1898.44,2182.04,2378.56,2835.78,27.11,0.57,86.32
3032,A,Schalklhof,Schalklbach,SchScl,stream,10.49,46.94,2832172,1202849,1058.0,108.0,2276.95,1009.4,1783.44,2024.43,2334.86,2548.71,2686.9,3253.88,27.26,0.4,86.5
3033,A,Kajetansbruecke,Inn,InnKat,stream,10.51,46.95,2833770,1204533,989.0,2152.0,2319.85,976.89,1736.59,2027.14,2365.4,2642.19,2827.09,3981.42,25.57,2.15,81.79
4001,DE,Tegernau,Kleine_Wiese,KlWTeg,stream,7.79,47.72,2626716,1285346,459.0,70.0,804.97,441.01,609.11,687.02,802.57,911.1,1005.46,1400.18,16.96,1.37,59.75
4002,DE,Zell,Wiese,WieZel,stream,7.85,47.7,2630536,1283286,429.0,206.7,904.25,423.85,625.97,740.99,900.31,1071.09,1179.8,1487.06,17.79,2.11,62.52
4003,DE,Hoelzlebruck,Josbach,JosHoe,stream,8.19,47.93,2656284,1308578,831.0,47.3,993.8,829.9,889.61,938.93,997.16,1046.78,1088.53,1199.03,11.4,5.79,25.43
4004,DE,Oberlauchringen,Wutach,WutObe,stream,8.33,47.62,2666672,1275112,354.0,630.0,788.5,354.06,543.46,664.86,796.68,910.55,1020.3,1468.39,8.45,22.03,16.01
4005,DE,Illmuehle,Steina,SteIll,stream,8.34,47.75,2667878,1289182,637.0,50.4,866.47,635.32,739.83,791.83,855.42,937.73,1014.76,1092.91,8.45,20.28,15.68
4006,DE,Ewattingen,Wutach,WutEwa,stream,8.45,47.85,2675721,1300247,575.0,342.1,908.41,572.87,751.5,822.99,895.62,991.02,1063.82,1468.39,8.64,21.39,16.27
4007,DE,Hausen,Saubach,SauHau,stream,8.82,47.78,2703881,1293301,436.0,143.9,622.11,433.36,471.93,530.67,643.44,705.05,739.02,874.43,6.5,28.72,7.13
4008,DE,Rielasingen,Radolfzeller_Aach,RaARie,stream,8.84,47.74,2705034,1288406,420.0,207.1,578.98,418.43,443.39,471.31,565.96,680.73,727.44,874.43,5.78,36.68,5.74
4009,DE,Wahlwies,Stockacher_Aach,StAWah,stream,8.97,47.82,2714371,1297227,422.0,214.2,596.6,422.92,492.11,545.01,607.5,651.54,680.05,765.49,5.75,31.54,4.54
4010,DE,Konstanz,Rhein,RheKon,stream,9.17,47.67,2730246,1281133,391.0,10914.4,1308.93,390.92,442.09,600.71,1179.29,1964.04,2402.95,3558.31,16.9,20.75,50.7
4011,DE,Uhldingen,Seefelder_Aach,SeAUhl,stream,9.24,47.73,2735389,1288185,401.0,271.4,572.69,400.76,436.42,470.71,569.6,655.87,724.3,838.21,5.27,39.34,4.19
4012,DE,Neufrach,Deggenhauser_Aach,DeANeu,stream,9.31,47.75,2740197,1290947,430.0,74.7,625.06,430.05,490.7,537.99,609.96,731.18,762.57,838.21,6.84,25.92,7.37
4013,DE,Fuchstobel,Rotach,RotFuc,stream,9.46,47.76,2751182,1291494,487.0,67.2,633.9,482.23,543.48,582.15,625.36,678.68,742.74,837.07,5.52,34.16,4.03
4014,DE,Friedrichshafen,Rotach,RotFri,stream,9.5,47.66,2754561,1280746,401.0,130.3,568.39,400.07,447.28,491.13,569.72,630.09,694.87,837.07,4.54,45.46,2.42
4015,DE,Gerbertshaus,Schussen,SchGer,stream,9.53,47.67,2757417,1282317,405.0,787.3,581.34,404.06,457.56,546.17,587.16,634.23,671.87,776.07,3.68,55.33,1.15
4016,DE,Giessen,Argen,ArgGie,stream,9.6,47.63,2762148,1277486,425.0,647.9,712.81,422.87,544.71,608.59,689.63,803.33,921.5,1242.71,6.42,32.08,8.41
4017,DE,Rainpadent,Wolfegger_Aach,WoARai,stream,9.64,47.83,2764716,1299791,453.0,164.1,652.66,451.09,595.61,634.92,657.79,681.03,706.29,776.07,3.98,50.07,1.54
4018,DE,Durlesbach,Schussen,SchDur,stream,9.68,47.9,2767294,1308232,499.0,273.9,597.95,498.8,564.03,575.36,589.39,618.21,644.55,740.78,3.23,61.59,0.64
4019,DE,Aeschach,Oberreitnauer_Ach,ObAAes,stream,9.7,47.56,2770127,1269841,400.0,29.8,494.86,397.34,433.64,471.16,501.14,525.09,541.33,579.93,4.25,41.28,0.35
4020,DE,Rengers,Untere_Argen,UnARen,stream,9.82,47.7,2778611,1286497,560.0,265.3,791.3,556.29,664.39,694.18,751.34,886.61,970.76,1242.71,7.2,30.83,12.53
4021,DE,Epplings,Obere_Argen,ObAEpp,stream,9.86,47.68,2782003,1283522,566.0,165.6,761.48,563.85,635.43,671.57,729.76,838.31,918.63,1239.45,7.2,26.08,10.01
4022,DE,Lochhammer,Giessbach,GieLoc,stream,9.9,47.68,2784788,1284414,590.0,29.8,672.12,592.14,632.67,658.68,673.91,688.39,703.61,758.54,3.96,46.26,0.72
4023,DE,Zwirkenberg,Obere_Argen,ObAZwi,stream,9.97,47.65,2790192,1280672,617.0,103.3,821.6,614.86,696.81,741.16,813.8,885.46,960.42,1239.45,8.62,17.79,14.59
4024,DE,Oberstaufen,Weissach,WeiObe,stream,10.02,47.54,2793982,1268955,659.0,60.6,1156.16,658.46,855.75,979.24,1172.62,1310.65,1435.37,1789.2,18.15,3.74,58.01
4025,DE,Beutelsau,Untere_Argen,UnABeu,stream,10.05,47.72,2796065,1288215,691.0,131.7,885.44,690.75,745.1,805.43,884.29,952.51,1020.2,1242.71,9.79,16.73,21.8
4026,DE,Seltmans,Untere_Argen,UnASel,stream,10.08,47.65,2798807,1280563,761.0,67.8,928.2,761.79,817.84,859.98,918.57,978.45,1045.52,1242.71,9.94,12.47,19.42
5001,FR,Saint-Genis-Pouilly,L'Allondon,AllSGe,stream,6.01,46.24,2490131,1121868,437.0,38.9,894.67,435.42,468.89,518.24,776.73,1271.34,1508.78,1718.65,12.82,21.95,43.7
5002,FR,Échenevex_[Naz-Dessous],L'Allondon,AllEch,stream,6.03,46.3,2491361,1128442,574.0,2.2,1130.92,573.74,650.43,832.68,1138.99,1430.08,1564.36,1672.69,17.66,0.56,69.12
5003,FR,Saint-Julien-en-Genevois_[Thairy],L'Aire,AirSJu,stream,6.07,46.14,2493958,1110794,438.0,46.6,698.01,443.13,498.0,533.31,641.84,797.16,1033.34,1371.36,7.96,30.99,13.15
5004,FR,Rousses,L'Orbe,OrbRou,stream,6.11,46.52,2497828,1152612,1059.0,25.2,1219.41,1056.33,1064.58,1099.89,1191.7,1287.29,1462.0,1559.74,9.31,21.43,20.98
5005,FR,Bonnevaux,Le_Drugeon,DruBon,stream,6.19,46.81,2504859,1184983,847.0,38.6,986.17,845.81,884.18,931.44,995.99,1037.44,1069.84,1170.94,6.96,20.94,6.72
5006,FR,Mouthe,Le_Doubs,DouMou,stream,6.21,46.7,2505964,1173371,966.0,2.8,1188.28,965.69,1133.71,1162.82,1194.7,1218.15,1235.64,1266.61,7.7,17.49,7.72
5007,FR,Remoray-Boujeons,Le_Ruisseau_de_la_Drésine,RdDRem,stream,6.25,46.76,2508961,1179290,862.0,14.9,1020.2,856.77,931.39,978.23,1020.25,1064.46,1105.51,1179.81,7.99,15.84,9.57
5008,FR,Vétraz-Monthoux,La_Menoge,MenVet,stream,6.27,46.17,2509972,1113806,447.0,159.9,888.45,444.14,580.7,688.75,874.09,1068.93,1232.03,1751.9,12.13,11.47,31.66
5009,FR,Labergement-Sainte-Marie,Le_Doubs,DouLab,stream,6.28,46.77,2511504,1180814,850.0,174.0,1116.83,847.16,954.3,1015.33,1115.5,1206.86,1279.05,1446.23,7.56,17.55,8.14
5010,FR,Longevilles-Mont-d'Or,Le_Bief_Rouge,BieLon,stream,6.32,46.76,2514365,1179183,900.0,28.5,1075.2,899.3,957.88,997.06,1056.78,1148.97,1215.52,1409.66,8.01,13.98,9.95
5011,FR,Vuillecin,Le_Drugeon,DruVui,stream,6.33,46.94,2515226,1198854,804.0,181.7,890.84,803.66,813.95,827.51,852.22,955.18,1026.32,1170.94,4.17,55.25,3.43
5012,FR,Oye-et-Pallet,Le_Doubs,DouOye,stream,6.33,46.85,2515781,1189193,852.0,250.3,1068.65,846.35,905.0,965.59,1050.51,1171.78,1255.79,1446.23,7.27,20.24,7.75
5013,FR,Doubs,Le_Doubs,DouDou,stream,6.35,46.93,2516941,1197988,809.0,389.7,1055.74,804.76,899.33,959.85,1042.98,1151.3,1222.76,1446.23,7.91,19.87,11.28
5014,FR,la_Cluse-et-Mijoux_[Pontarlier_amont],Le_Doubs,DouClu,stream,6.36,46.88,2518076,1192662,909.0,347.4,1061.38,833.98,907.06,962.69,1047.96,1159.66,1230.69,1446.23,7.57,20.31,9.43
5015,FR,Sciez,Le_Foron,ForSci,stream,6.38,46.33,2518579,1131551,390.0,49.8,647.27,389.59,506.0,529.49,566.41,694.51,965.89,1360.64,7.37,34.77,15.21
5016,FR,Jougne_[La_Ferrière_2],La_Jougnena,JouJou,stream,6.38,46.73,2519220,1176193,853.0,30.5,1140.4,823.21,943.95,1052.9,1140.62,1236.61,1327.12,1560.94,13.94,6.12,35.84
5017,FR,Saint-Jean-de-Sixt,Le_Borne,BorSJS,stream,6.42,45.93,2520649,1087502,891.0,65.8,1552.91,891.07,1120.29,1308.73,1522.64,1746.43,2051.57,2627.58,22.88,0.9,77.4
5018,FR,Margencel,Le_Redon,RedMar,stream,6.42,46.34,2521260,1132505,418.0,31.5,707.02,415.47,485.78,530.25,611.46,848.85,1113.04,1505.59,9.51,30.27,23.85
5019,FR,Bonneville_[Thuet],Le_Bronze,BroBon,stream,6.46,46.06,2523975,1101961,456.0,27.7,1412.64,452.53,973.82,1224.72,1428.4,1614.17,1802.97,2385.41,21.11,2.51,66.31
5020,FR,Saint-Jeoire_[Pont_du_Risse],Le_Risse,RisSJe,stream,6.48,46.14,2525581,1109908,542.0,64.7,1095.24,539.71,737.52,889.96,1098.75,1297.3,1440.14,1889.16,19.52,2.8,62.8
5021,FR,Ville-du-Pont,Le_Doubs,DouVil,stream,6.48,47.0,2526829,1205992,776.0,636.8,993.01,774.21,827.58,869.36,981.18,1080.97,1188.94,1446.23,6.73,30.58,8.69
5022,FR,Marignier_[Plan_Séraphin],Le_Giffre_[giffre],GifMar,stream,6.5,46.12,2527235,1107858,499.0,437.6,1413.33,506.68,747.1,987.43,1362.4,1745.87,2202.0,3066.3,22.81,3.97,70.07
5023,FR,Reyvroz_[Bioge],La_Dranse,DraRey,stream,6.59,46.33,2534356,1130883,537.0,502.2,1362.48,537.21,908.8,1109.94,1364.98,1605.64,1799.95,2402.89,23.65,1.63,76.74
5024,FR,Grand'Combe-Châteleu_[Châteleu],Le_Théverot,TheGra,stream,6.58,47.03,2534368,1209212,757.0,26.1,984.99,756.28,811.17,897.51,986.78,1069.25,1142.67,1284.53,12.22,10.03,29.84
5025,FR,Magland_[Chez_Party],L'Arve_[le_Nant_d'Orlier],ArvMag,stream,6.62,46.03,2536420,1098025,492.0,711.0,1877.34,496.14,898.59,1261.4,1786.85,2381.19,3058.3,4787.66,24.88,3.94,74.95
5026,FR,la_Baume_[Pt_de_Couvaloup],La_Dranse_de_Morzine,DrMBau,stream,6.62,46.27,2536923,1124073,731.0,171.6,1435.05,700.98,993.16,1192.45,1433.89,1659.74,1875.06,2402.89,23.91,1.09,78.65
5027,FR,Sallanches,L'Arve,ArvSal,stream,6.64,45.94,2538209,1087967,541.0,567.3,1997.91,539.63,1005.02,1355.13,1930.82,2573.33,3178.89,4787.66,25.29,3.65,75.49
5028,FR,Saint-Paul-en-Chablais,L'Ugine,UgiSPa,stream,6.64,46.35,2538665,1133884,854.0,25.0,1322.71,848.72,940.73,1072.3,1290.09,1567.88,1739.79,2100.24,20.17,4.88,67.68
5029,FR,Vacheresse,La_Dranse_d'Abondance,DrAVac,stream,6.67,46.33,2540596,1130874,769.0,168.6,1459.2,769.57,1045.71,1230.98,1467.15,1681.84,1847.68,2392.79,24.84,1.28,79.97
5030,FR,Fournet-Blancheroche_[La_Rasse],Le_Doubs,DouFou,stream,6.84,47.15,2554877,1222803,620.0,918.8,983.99,619.97,824.07,874.39,974.06,1068.55,1171.98,1446.23,7.76,26.51,12.15
5031,FR,Chamonix-Mont-Blanc_[Pont_des_Favrands],L'Arve,ArvCha,stream,6.86,45.92,2555048,1085084,1025.0,194.9,2457.47,1020.5,1408.96,1933.69,2505.37,3028.39,3373.35,4165.69,27.6,2.68,79.94
5032,FR,Goumois,Le_Doubs,DouGou,stream,6.95,47.27,2563061,1235752,500.0,1148.4,985.28,494.46,822.93,884.02,988.07,1065.96,1164.39,1446.23,7.95,25.79,12.83
6001,I,Macugnaga,Torrente_Anza,AnzMac,stream,7.95,45.97,2639979,1091039,1363.0,39.5,2649.36,1347.39,1907.02,2173.99,2582.08,3078.36,3506.21,4517.33,32.42,0.37,88.93
6002,I,San_Carlo,Torrente_Anza,AnzSaC,stream,8.13,45.99,2653736,1092944,573.0,158.4,2058.98,557.12,1177.11,1579.62,2075.55,2483.79,2884.88,4517.33,31.5,0.45,92.76
6003,I,Villadossola,Torrente_Ovesca,OveVil,stream,8.26,46.07,2663354,1102130,265.0,146.1,1744.32,265.09,853.12,1260.68,1772.2,2233.36,2555.73,3571.62,31.05,1.16,91.09
6004,I,Ponte_Caddo,Torrente_Bogna,BogPoC,stream,8.27,46.12,2664574,1108152,326.0,81.3,1603.78,354.9,853.96,1204.01,1668.18,2030.4,2243.57,2669.36,28.3,0.25,89.64
6005,I,Domodossola,Fiume_Toce,TocDom,stream,8.31,46.11,2667079,1107158,258.0,918.2,1819.78,257.71,848.67,1351.17,1901.86,2307.18,2608.46,3985.08,28.08,2.44,84.25
6006,I,Pontemaglio,Fiume_Toce,TocPon,stream,8.32,46.18,2668352,1114756,349.0,360.1,1938.9,349.43,992.04,1528.34,2066.11,2409.24,2628.96,3326.26,27.54,2.74,81.45
6007,I,Candoglia,Fiume_Toce,TocCan,stream,8.42,45.97,2676202,1091943,198.0,1531.4,1672.11,198.37,639.53,1133.32,1724.32,2222.43,2566.44,4517.33,28.61,4.08,85.14
6008,I,Gravellona,Torrente_Strona,StrGra,stream,8.43,45.93,2677233,1086632,211.0,229.7,878.6,210.45,292.04,459.97,824.81,1184.37,1591.03,2379.77,21.26,10.89,68.41
6009,I,Santino,Torrente_San_Bernardino,SaBSan,stream,8.53,45.96,2684260,1090031,254.0,121.6,1248.36,236.99,648.57,942.48,1265.41,1573.46,1805.8,2274.6,31.66,0.27,93.6
6010,I,Verbania,Torrente_San_Giovanni,SaGVer,stream,8.58,45.94,2688426,1088391,222.0,60.2,912.2,191.12,402.41,637.08,922.57,1162.51,1383.42,2117.61,24.84,2.33,80.71
6011,I,Miorina,Ticino,TicMio,stream,8.65,45.7,2694281,1061276,204.0,6617.3,1292.72,190.29,275.62,633.08,1270.66,1892.85,2308.0,4517.33,24.96,10.01,75.1
