# Geological attributes as rock type percentages based on the global lithology map (GLiMs), and porosity and permeability from the global map of hydrogeological attributes (GLHYMPS 2.0)
gauge_id,geo_porosity,geo_log10_permeability,unconsol_sediments,siliciclastic_sedimentary,mixed_sedimentary,carbonate_sedimentary,pyroclastic,acid_volcanic,basic_volcanic,acid_plutonic,intermediate_plutonic,basic_plutonic,metamorphics,water_geo,ice_geo
2004,0.101,-13.413,46.32,0.0,48.71,1.85,0.0,0.0,0.0,0.0,0.0,0.0,0.0,3.12,0.0
2007,0.07,-12.08,7.17,0.0,8.33,80.64,0.0,0.0,0.0,0.0,0.0,0.0,0.0,3.86,0.0
2009,0.045,-13.843,17.12,6.97,6.65,21.46,0.0,0.0,1.42,4.14,0.0,0.36,31.73,0.38,9.76
2011,0.038,-14.154,15.04,6.39,4.48,15.83,0.0,0.0,2.21,4.12,0.0,0.57,38.11,0.32,12.92
2014,0.091,-12.894,18.33,12.62,25.64,38.41,0.0,0.42,0.0,0.19,0.01,0.0,0.17,3.38,0.83
2016,0.075,-12.787,35.11,0.01,26.7,30.07,0.0,0.0,0.0,1.01,0.0,0.0,2.08,3.61,1.4
2017,0.117,-13.37,40.67,0.0,42.05,0.0,0.0,0.0,0.0,0.0,0.0,0.0,0.0,17.28,0.0
2018,0.077,-13.092,24.29,0.41,24.4,28.46,0.0,0.73,0.0,5.38,0.1,0.0,9.62,4.99,1.62
2019,0.028,-14.349,5.8,0.03,3.28,21.66,0.0,0.05,0.0,18.7,0.0,0.0,34.55,1.02,14.91
2020,0.023,-13.696,11.5,0.65,6.6,9.38,0.0,0.0,0.0,1.26,0.0,0.0,70.24,0.34,0.02
2021,0.046,-12.904,15.19,0.61,3.86,27.66,0.0,3.6,2.89,0.26,0.0,0.0,40.04,5.89,0.0
2022,0.026,-13.443,15.03,0.4,2.63,6.75,0.0,0.71,0.51,1.24,0.0,1.73,66.35,4.48,0.18
2023,0.041,-13.479,10.75,0.07,3.0,41.56,0.0,0.03,0.0,9.13,0.0,0.0,21.28,3.03,11.15
2024,0.041,-14.012,16.4,7.19,4.53,18.27,0.0,0.0,2.0,3.73,0.0,0.51,35.17,0.31,11.89
2025,0.049,-13.741,9.14,1.38,9.4,20.81,0.0,2.45,0.0,18.09,0.32,0.0,31.08,2.31,5.0
2026,0.062,-13.325,24.7,7.5,10.01,22.5,0.0,0.0,0.93,2.71,0.0,0.24,20.78,4.24,6.39
2027,0.062,-13.325,24.7,7.5,10.01,22.5,0.0,0.0,0.93,2.71,0.0,0.24,20.78,4.24,6.39
2028,0.062,-13.325,24.7,7.5,10.01,22.5,0.0,0.0,0.93,2.71,0.0,0.24,20.78,4.24,6.39
2029,0.071,-12.723,30.58,0.01,19.41,38.9,0.0,0.0,0.0,1.43,0.0,0.0,2.94,4.74,1.99
2030,0.056,-12.935,15.52,0.03,8.12,51.72,0.0,0.01,0.0,4.8,0.0,0.0,9.87,3.35,6.56
2031,0.138,-13.895,29.55,0.0,56.33,0.0,0.0,0.0,0.0,0.0,0.0,0.0,0.0,14.13,0.0
2032,0.049,-12.542,31.02,1.9,15.85,28.99,0.0,0.33,0.79,1.12,0.08,0.02,15.1,4.53,0.26
2033,0.047,-13.935,11.55,13.63,5.63,8.34,0.0,0.37,0.0,12.77,1.18,0.17,44.39,0.48,1.49
2034,0.111,-13.701,39.51,0.0,57.33,3.17,0.0,0.0,0.0,0.0,0.0,0.0,0.0,0.0,0.0
2041,0.047,-12.766,18.12,2.99,7.14,40.27,0.0,0.59,1.41,1.99,0.15,0.04,26.65,0.2,0.46
2043,0.049,-12.515,31.96,1.8,16.42,28.05,0.06,0.31,0.8,1.06,0.08,0.02,14.34,4.84,0.25
2044,0.045,-12.275,41.03,0.0,50.52,8.36,0.01,0.0,0.0,0.0,0.0,0.0,0.0,0.09,0.0
2053,0.04,-13.958,18.67,9.45,4.22,18.52,0.0,0.0,0.0,8.26,0.0,0.0,31.38,0.42,9.07
2056,0.041,-14.033,8.39,1.67,8.6,12.35,0.0,2.97,0.0,21.88,0.39,0.0,37.58,0.3,5.88
2063,0.075,-12.813,33.14,0.01,24.96,32.78,0.0,0.0,0.0,1.17,0.0,0.0,2.41,3.89,1.63
2066,0.03,-13.524,9.51,0.95,0.03,12.48,0.0,0.47,3.62,21.26,0.0,9.73,35.76,4.84,1.34
2067,0.031,-13.04,17.18,1.35,2.04,32.15,0.0,0.22,0.4,7.38,0.04,2.45,34.29,0.49,2.01
2068,0.022,-13.692,11.55,0.61,6.21,8.98,0.0,0.0,0.0,1.57,0.0,0.0,70.74,0.32,0.02
2070,0.152,-14.359,13.31,0.0,77.2,9.49,0.0,0.0,0.0,0.0,0.0,0.0,0.0,0.0,0.0
2072,0.036,-13.746,2.5,0.0,0.0,11.69,0.0,0.46,2.33,12.75,0.0,4.43,55.03,8.74,2.07
2073,0.032,-13.529,8.02,0.57,0.04,12.95,0.0,0.37,4.51,22.45,0.0,6.46,37.46,5.5,1.67
2074,0.026,-13.443,15.03,0.4,2.63,6.75,0.0,0.71,0.51,1.24,0.0,1.73,66.35,4.48,0.18
2078,0.015,-13.588,22.05,0.37,0.0,7.42,0.0,1.11,0.0,11.46,0.0,0.55,52.95,0.87,3.22
2079,0.007,-12.079,82.24,0.0,0.0,10.1,0.0,0.0,0.0,6.33,0.0,0.0,1.32,0.0,0.0
2081,0.057,-12.389,49.68,0.0,40.11,0.0,0.0,0.0,0.0,0.0,0.0,0.0,0.0,10.21,0.0
2082,0.031,-11.791,48.64,0.0,44.64,0.0,0.0,0.0,0.0,0.0,0.0,0.0,0.0,6.72,0.0
2084,0.065,-12.079,17.43,0.0,11.68,69.91,0.0,0.0,0.0,0.0,0.0,0.0,0.0,0.98,0.0
2085,0.064,-12.802,28.38,0.02,18.32,40.93,0.0,0.01,0.0,2.31,0.0,0.0,4.75,2.07,3.2
2086,0.034,-13.691,10.26,2.34,10.55,15.95,0.0,0.0,0.0,0.85,0.0,0.0,59.61,0.43,0.01
2087,0.024,-14.124,7.62,6.97,0.37,2.9,0.0,0.0,0.0,20.85,0.38,0.0,56.85,0.44,3.62
2088,0.06,-11.894,17.99,0.0,3.51,74.89,0.0,0.0,0.0,0.0,0.0,0.0,0.0,3.6,0.0
2091,0.062,-12.655,32.45,1.7,23.72,26.98,0.06,0.2,0.3,2.52,0.04,0.01,7.5,3.78,0.75
2093,0.056,-12.938,15.34,0.03,8.06,51.89,0.0,0.01,0.0,4.82,0.0,0.0,9.9,3.36,6.58
2097,0.049,-12.338,72.06,0.0,17.05,0.0,0.0,0.0,0.0,0.0,0.0,0.0,0.0,10.9,0.0
2099,0.087,-12.784,23.33,9.2,26.76,33.59,0.0,0.3,0.0,0.14,0.0,0.0,0.12,5.95,0.6
2101,0.044,-12.55,14.35,0.1,2.18,45.51,0.0,0.51,0.47,0.01,0.0,0.0,32.93,3.94,0.0
2102,0.06,-11.895,18.11,0.0,3.61,74.68,0.0,0.0,0.0,0.0,0.0,0.0,0.0,3.59,0.0
2104,0.098,-13.094,12.58,18.83,15.73,47.77,0.0,0.62,0.0,0.28,0.01,0.0,0.25,2.69,1.24
2105,0.03,-13.519,9.32,0.75,0.03,12.73,0.0,0.41,3.99,22.54,0.0,7.07,36.82,4.86,1.48
2106,0.066,-12.197,12.0,0.0,18.99,69.01,0.0,0.0,0.0,0.0,0.0,0.0,0.0,0.0,0.0
2109,0.044,-13.093,13.16,0.17,4.17,57.69,0.0,0.0,0.0,0.0,0.0,0.0,13.19,0.03,11.58
2110,0.079,-13.166,18.07,0.48,23.56,33.2,0.0,0.85,0.0,6.28,0.11,0.0,11.22,4.34,1.89
2112,0.067,-12.562,8.28,0.0,34.4,57.13,0.0,0.0,0.0,0.0,0.0,0.0,0.0,0.19,0.0
2113,0.076,-12.823,32.21,1.21,26.33,29.72,0.0,0.18,0.0,1.72,0.02,0.0,3.23,4.08,1.31
2116,0.048,-12.46,33.8,2.11,21.8,23.87,0.12,0.23,0.64,2.21,0.06,0.01,11.34,3.63,0.18
2117,0.031,-14.704,9.69,6.34,1.94,14.75,0.0,0.0,0.0,0.0,0.0,0.0,47.67,0.79,18.81
2118,0.098,-13.095,12.56,18.85,15.72,47.79,0.0,0.62,0.0,0.28,0.01,0.0,0.25,2.69,1.24
2119,0.067,-12.475,27.7,0.0,18.12,52.93,0.0,0.0,0.0,0.0,0.0,0.0,0.0,1.05,0.2
2122,0.092,-12.734,2.29,0.0,34.16,63.55,0.0,0.0,0.0,0.0,0.0,0.0,0.0,0.0,0.0
2125,0.116,-13.382,40.12,0.0,43.37,0.0,0.0,0.0,0.0,0.0,0.0,0.0,0.0,16.51,0.0
2126,0.015,-11.483,37.95,0.0,62.05,0.0,0.0,0.0,0.0,0.0,0.0,0.0,0.0,0.0,0.0
2130,0.062,-12.655,32.71,1.68,23.91,26.82,0.06,0.2,0.31,2.42,0.04,0.01,7.26,3.82,0.77
2132,0.022,-11.596,36.72,0.0,63.28,0.0,0.0,0.0,0.0,0.0,0.0,0.0,0.0,0.0,0.0
2135,0.058,-12.901,22.68,0.03,12.18,44.52,0.0,0.01,0.0,4.02,0.0,0.0,8.25,2.84,5.48
2137,0.059,-12.689,67.87,0.0,25.11,0.0,0.0,0.0,0.0,0.0,0.0,0.0,0.0,7.02,0.0
2139,0.055,-12.875,41.06,0.0,29.18,29.58,0.0,0.0,0.0,0.0,0.0,0.0,0.0,0.18,0.0
2141,0.044,-12.899,18.3,4.98,4.66,32.34,0.0,2.21,0.0,2.59,0.0,0.17,34.02,0.14,0.59
2143,0.047,-12.413,35.66,1.41,22.37,23.37,0.13,0.25,0.65,0.83,0.06,0.02,11.2,3.88,0.19
2150,0.032,-12.414,27.47,0.0,0.64,45.35,0.0,0.0,1.11,0.0,0.0,0.0,24.95,0.04,0.45
2151,0.061,-12.277,11.78,0.0,7.78,77.32,0.0,0.0,0.0,0.0,0.0,0.0,0.0,0.04,3.08
2152,0.066,-12.989,15.51,0.62,13.03,39.07,0.0,1.1,0.0,8.09,0.14,0.0,14.44,5.56,2.43
2154,0.083,-12.659,35.23,0.0,23.12,32.44,0.0,0.0,0.0,0.0,0.0,0.0,0.0,9.2,0.0
2155,0.121,-13.777,33.02,0.0,62.39,4.55,0.0,0.0,0.0,0.0,0.0,0.0,0.0,0.04,0.0
2157,0.0,-10.52,100.0,0.0,0.0,0.0,0.0,0.0,0.0,0.0,0.0,0.0,0.0,0.0,0.0
2159,0.047,-12.336,62.83,0.0,20.76,16.06,0.0,0.0,0.0,0.0,0.0,0.0,0.0,0.35,0.0
2160,0.061,-12.09,14.62,0.0,7.71,76.78,0.0,0.0,0.0,0.0,0.0,0.0,0.0,0.49,0.4
2161,0.005,-17.33,0.52,0.0,0.0,0.02,0.0,0.0,0.0,16.75,0.0,0.0,27.68,0.07,54.96
2167,0.046,-12.904,15.21,0.61,3.86,27.65,0.0,3.6,2.89,0.26,0.0,0.0,40.03,5.89,0.0
2168,0.125,-13.529,37.44,0.0,43.74,0.0,0.0,0.0,0.0,0.0,0.0,0.0,0.0,18.81,0.0
2170,0.088,-12.771,7.76,14.19,22.67,38.68,0.0,0.0,0.0,8.44,0.0,0.0,8.24,0.0,0.01
2174,0.066,-13.158,22.19,9.47,12.43,25.33,0.0,0.0,0.72,3.72,0.0,0.19,17.7,3.29,4.96
2176,0.072,-12.536,36.83,0.0,24.55,35.6,0.0,0.0,0.0,0.0,0.0,0.0,0.0,3.02,0.0
2179,0.101,-13.234,24.33,0.0,44.02,31.51,0.0,0.0,0.0,0.0,0.0,0.0,0.0,0.13,0.0
2181,0.064,-12.581,26.81,0.0,60.04,13.12,0.0,0.0,0.0,0.0,0.0,0.0,0.0,0.04,0.0
2185,0.044,-12.179,32.22,1.26,3.68,49.18,0.0,2.03,0.71,0.0,0.0,0.0,10.88,0.04,0.0
2187,0.033,-11.697,40.64,0.0,0.32,58.95,0.0,0.0,0.0,0.0,0.0,0.0,0.0,0.09,0.0
2199,0.046,-13.772,5.21,15.43,5.36,5.97,0.0,0.49,4.21,32.26,0.0,0.0,31.07,0.0,0.0
2200,0.045,-13.143,10.03,0.0,4.01,59.17,0.0,0.0,0.0,0.0,0.0,0.0,15.36,0.0,11.42
2202,0.056,-12.146,4.87,0.0,17.08,78.05,0.0,0.0,0.0,0.0,0.0,0.0,0.0,0.0,0.0
2203,0.074,-12.443,10.95,0.0,16.99,71.32,0.0,0.0,0.0,0.0,0.0,0.0,0.0,0.11,0.63
2205,0.076,-12.829,32.12,1.22,26.29,29.75,0.0,0.18,0.0,1.73,0.02,0.0,3.25,4.11,1.32
2206,0.01,-14.1,0.0,0.0,0.0,0.0,0.0,0.0,0.0,12.5,0.0,0.0,87.5,0.0,0.0
2207,0.066,-12.985,15.37,0.62,12.81,39.27,0.0,1.1,0.0,8.13,0.15,0.0,14.52,5.59,2.44
2208,0.071,-12.723,30.53,0.01,19.38,38.96,0.0,0.0,0.0,1.43,0.0,0.0,2.95,4.75,1.99
2209,0.09,-12.836,20.58,10.95,27.22,33.33,0.0,0.36,0.0,0.16,0.01,0.0,0.15,6.53,0.72
2210,0.077,-12.238,3.56,4.33,17.71,74.36,0.0,0.0,0.0,0.0,0.0,0.0,0.0,0.05,0.0
2215,0.076,-12.691,30.34,0.0,26.48,42.07,0.0,0.0,0.0,0.0,0.0,0.0,0.0,0.97,0.14
2217,0.066,-13.137,22.19,9.94,12.38,25.23,0.0,0.0,0.72,3.68,0.0,0.18,17.52,3.25,4.91
2219,0.064,-14.802,2.58,0.0,18.03,50.02,0.0,0.0,0.0,0.0,0.0,0.0,0.0,0.0,29.37
2232,0.062,-11.885,17.66,0.0,2.14,80.19,0.0,0.0,0.0,0.0,0.0,0.0,0.0,0.0,0.0
2239,0.032,-12.75,14.59,1.13,0.05,37.77,0.0,0.0,0.0,0.01,0.0,0.0,46.45,0.0,0.0
2243,0.082,-12.715,27.3,8.35,27.21,30.63,0.0,0.28,0.0,0.13,0.0,0.0,0.11,5.44,0.55
2244,0.072,-13.777,24.86,33.41,0.0,6.08,0.0,0.0,0.65,0.0,0.0,0.0,34.68,0.32,0.0
2247,0.084,-12.391,4.89,6.36,24.89,63.86,0.0,0.0,0.0,0.0,0.0,0.0,0.0,0.0,0.0
2251,0.06,-11.8,0.0,0.0,0.0,100.0,0.0,0.0,0.0,0.0,0.0,0.0,0.0,0.0,0.0
2252,0.06,-11.8,0.0,0.0,0.0,100.0,0.0,0.0,0.0,0.0,0.0,0.0,0.0,0.0,0.0
2256,0.009,-14.626,10.8,0.0,0.0,0.97,0.0,0.0,0.0,32.07,1.1,30.75,10.1,0.3,13.9
2262,0.015,-14.107,12.83,0.3,0.0,8.48,0.0,3.21,0.0,31.03,0.08,5.91,26.95,0.19,11.02
2263,0.02,-13.244,17.91,0.16,0.42,20.89,0.0,0.0,0.0,3.29,0.0,0.0,57.26,0.07,0.0
2265,0.028,-13.21,16.76,1.13,1.94,26.05,0.0,0.27,0.49,9.05,0.05,3.01,38.23,0.6,2.42
2268,0.015,-16.453,2.39,3.37,0.98,3.98,0.0,0.0,0.0,34.74,0.0,0.0,12.67,0.0,41.86
2269,0.015,-15.299,6.6,0.0,0.0,3.93,0.0,0.0,0.0,6.34,0.0,0.0,59.0,0.0,24.14
2270,0.081,-12.333,4.25,5.53,22.16,68.0,0.0,0.0,0.0,0.0,0.0,0.0,0.0,0.06,0.0
2276,0.058,-12.213,10.63,0.0,5.59,80.55,0.0,0.0,0.0,0.0,0.0,0.0,0.0,0.0,3.23
2282,0.19,-15.2,0.0,0.0,100.0,0.0,0.0,0.0,0.0,0.0,0.0,0.0,0.0,0.0,0.0
2283,0.19,-15.2,0.0,0.0,100.0,0.0,0.0,0.0,0.0,0.0,0.0,0.0,0.0,0.0,0.0
2288,0.048,-12.487,32.94,1.74,16.5,27.63,0.16,0.3,0.81,1.03,0.08,0.02,13.87,4.68,0.24
2289,0.062,-12.638,31.75,1.65,23.5,28.51,0.05,0.19,0.29,2.43,0.03,0.01,7.22,3.64,0.73
2290,0.058,-11.816,5.48,0.0,0.09,93.99,0.0,0.0,0.0,0.0,0.0,0.0,0.0,0.44,0.0
2299,0.023,-14.341,0.0,0.0,0.09,29.63,0.0,0.0,0.0,0.0,0.0,0.0,54.66,0.0,15.62
2300,0.068,-12.218,15.97,0.0,13.39,70.63,0.0,0.0,0.0,0.0,0.0,0.0,0.0,0.0,0.0
2303,0.075,-12.592,10.04,0.0,70.12,19.84,0.0,0.0,0.0,0.0,0.0,0.0,0.0,0.0,0.0
2304,0.067,-12.079,14.91,12.35,0.0,72.74,0.0,0.0,0.0,0.0,0.0,0.0,0.0,0.0,0.0
2305,0.108,-13.379,12.31,0.0,87.69,0.0,0.0,0.0,0.0,0.0,0.0,0.0,0.0,0.0,0.0
2307,0.058,-12.019,16.28,0.0,5.78,77.94,0.0,0.0,0.0,0.0,0.0,0.0,0.0,0.0,0.0
2308,0.106,-13.742,16.65,0.0,83.35,0.0,0.0,0.0,0.0,0.0,0.0,0.0,0.0,0.0,0.0
2309,0.007,-11.34,77.41,0.0,22.59,0.0,0.0,0.0,0.0,0.0,0.0,0.0,0.0,0.0,0.0
2312,0.001,-11.934,98.99,0.0,0.78,0.0,0.0,0.0,0.0,0.0,0.0,0.0,0.0,0.23,0.0
2319,0.049,-11.648,16.48,0.0,0.0,81.86,0.0,0.0,0.0,0.0,0.0,0.0,1.66,0.0,0.0
2321,0.023,-13.54,8.01,0.0,2.21,16.29,0.0,0.0,0.0,0.0,0.0,0.0,73.5,0.0,0.0
2327,0.008,-13.69,18.58,0.0,0.0,0.0,0.0,0.0,0.0,0.0,0.0,0.0,79.5,0.0,1.92
2342,0.042,-13.398,4.81,6.69,1.53,36.21,0.0,0.0,0.0,0.0,0.0,0.0,47.95,0.24,2.56
2343,0.149,-14.203,21.41,0.0,78.59,0.0,0.0,0.0,0.0,0.0,0.0,0.0,0.0,0.0,0.0
2346,0.022,-14.839,7.3,3.04,2.87,12.05,0.0,0.0,0.03,11.8,0.0,0.05,44.17,0.15,18.54
2347,0.01,-14.1,0.0,0.0,0.0,0.0,0.0,0.0,0.0,10.12,0.0,0.0,89.88,0.0,0.0
2349,0.096,-14.568,0.77,0.0,59.22,40.0,0.0,0.0,0.0,0.0,0.0,0.0,0.0,0.0,0.0
2351,0.03,-14.81,12.91,4.06,3.27,4.21,0.0,0.0,6.05,0.0,0.0,1.32,47.97,0.29,19.92
2352,0.078,-13.24,7.84,0.74,21.89,56.58,0.0,0.85,0.0,2.04,0.07,0.0,1.81,1.19,6.99
2355,0.014,-13.261,24.63,0.25,0.0,8.12,0.0,1.31,0.0,0.0,0.0,0.0,64.9,0.33,0.45
2356,0.01,-13.952,4.13,0.0,0.0,0.0,0.0,0.0,0.0,0.0,0.0,0.0,95.87,0.0,0.0
2364,0.042,-14.051,9.11,0.0,22.86,15.33,0.0,0.0,0.0,8.3,0.0,0.0,43.99,0.25,0.16
2366,0.021,-13.953,1.04,4.35,0.0,7.48,0.0,0.0,0.0,0.0,0.0,0.0,87.13,0.0,0.0
2368,0.018,-14.023,4.94,0.13,4.08,1.51,0.0,0.0,0.61,0.0,0.0,1.27,86.64,0.39,0.44
2369,0.103,-13.683,45.58,0.0,54.42,0.0,0.0,0.0,0.0,0.0,0.0,0.0,0.0,0.0,0.0
2370,0.08,-12.316,4.22,5.27,21.22,69.23,0.0,0.0,0.0,0.0,0.0,0.0,0.0,0.06,0.0
2371,0.092,-12.771,5.45,0.0,35.97,58.58,0.0,0.0,0.0,0.0,0.0,0.0,0.0,0.0,0.0
2372,0.099,-13.24,11.98,15.42,21.91,45.82,0.0,0.84,0.0,0.5,0.02,0.0,0.44,0.88,2.19
2374,0.134,-14.029,7.93,0.0,92.07,0.0,0.0,0.0,0.0,0.0,0.0,0.0,0.0,0.0,0.0
2378,0.067,-12.079,9.3,0.0,8.62,79.55,0.0,0.0,0.0,0.0,0.0,0.0,0.0,2.52,0.0
2386,0.021,-11.78,45.91,0.0,54.03,0.0,0.0,0.0,0.0,0.0,0.0,0.0,0.0,0.06,0.0
2387,0.049,-12.761,16.89,2.49,4.79,39.73,0.0,1.53,3.67,1.49,0.0,0.06,28.48,0.25,0.62
2392,0.048,-12.485,33.02,1.74,16.49,27.6,0.16,0.3,0.8,1.03,0.08,0.02,13.84,4.68,0.24
2403,0.023,-13.569,17.74,0.88,3.1,13.81,0.0,0.58,0.84,19.5,0.11,6.48,32.23,1.19,3.53
2409,0.142,-14.062,8.07,0.0,66.92,25.01,0.0,0.0,0.0,0.0,0.0,0.0,0.0,0.0,0.0
2410,0.032,-11.629,49.99,0.95,2.6,46.46,0.0,0.0,0.0,0.0,0.0,0.0,0.0,0.0,0.0
2412,0.036,-12.451,78.27,0.0,17.3,4.44,0.0,0.0,0.0,0.0,0.0,0.0,0.0,0.0,0.0
2414,0.0,-10.815,0.0,0.0,100.0,0.0,0.0,0.0,0.0,0.0,0.0,0.0,0.0,0.0,0.0
2415,0.028,-11.906,66.8,0.0,30.13,0.43,0.0,0.0,0.0,0.0,0.0,0.0,0.0,2.64,0.0
2416,0.059,-12.687,67.91,0.0,25.07,0.0,0.0,0.0,0.0,0.0,0.0,0.0,0.0,7.01,0.0
2417,0.124,-13.522,37.66,0.0,43.59,0.0,0.0,0.0,0.0,0.0,0.0,0.0,0.0,18.75,0.0
2418,0.051,-12.308,25.58,0.23,4.09,40.13,0.0,3.61,14.2,3.04,0.0,0.02,8.47,0.53,0.1
2419,0.019,-14.666,7.53,2.52,3.61,2.9,0.0,0.0,0.0,18.45,0.0,0.0,52.19,0.42,12.39
2420,0.013,-13.655,9.93,0.0,0.18,6.47,0.0,0.0,0.0,0.39,0.0,0.0,82.99,0.05,0.0
2426,0.094,-12.756,7.59,28.4,1.42,61.03,0.0,1.44,0.0,0.0,0.0,0.0,0.0,0.12,0.0
2430,0.05,-14.577,0.46,0.0,30.89,11.31,0.0,0.0,0.0,3.41,0.0,0.0,53.73,0.0,0.2
2432,0.028,-12.111,74.22,0.0,9.38,16.4,0.0,0.0,0.0,0.0,0.0,0.0,0.0,0.0,0.0
2433,0.028,-11.821,58.45,0.0,2.05,39.5,0.0,0.0,0.0,0.0,0.0,0.0,0.0,0.0,0.0
2434,0.059,-12.13,23.65,0.0,22.59,53.76,0.0,0.0,0.0,0.0,0.0,0.0,0.0,0.0,0.0
2436,0.146,-14.072,1.61,0.0,66.75,31.64,0.0,0.0,0.0,0.0,0.0,0.0,0.0,0.0,0.0
2437,0.13,-14.174,31.48,0.0,68.52,0.0,0.0,0.0,0.0,0.0,0.0,0.0,0.0,0.0,0.0
2446,0.083,-12.659,35.46,0.0,23.15,32.25,0.0,0.0,0.0,0.0,0.0,0.0,0.0,9.15,0.0
2447,0.1,-13.414,46.37,0.0,48.66,1.85,0.0,0.0,0.0,0.0,0.0,0.0,0.0,3.12,0.0
2450,0.119,-13.69,35.44,0.0,64.35,0.0,0.0,0.0,0.0,0.0,0.0,0.0,0.0,0.22,0.0
2457,0.041,-13.478,10.75,0.07,3.0,41.57,0.0,0.03,0.0,9.12,0.0,0.0,21.27,3.03,11.15
2458,0.036,-11.716,42.14,0.0,1.05,56.8,0.0,0.0,0.0,0.0,0.0,0.0,0.0,0.0,0.0
2461,0.012,-14.034,3.09,0.86,0.0,0.0,0.0,0.0,0.56,0.0,0.0,0.0,95.49,0.0,0.0
2462,0.022,-13.558,17.46,0.8,1.3,13.44,0.0,0.7,1.01,23.22,0.13,7.72,28.88,1.42,3.93
2463,0.017,-13.239,25.68,5.24,0.0,0.0,0.0,0.0,0.0,0.0,0.0,0.0,69.07,0.0,0.0
2467,0.076,-12.693,30.67,0.0,26.6,41.63,0.0,0.0,0.0,0.0,0.0,0.0,0.0,0.96,0.13
2468,0.1,-13.467,11.94,0.0,70.89,17.05,0.0,0.0,0.0,0.0,0.0,0.0,0.0,0.12,0.0
2469,0.057,-12.517,23.51,0.0,8.3,60.02,0.0,0.0,0.0,2.93,0.0,0.0,0.14,0.25,4.86
2471,0.136,-13.938,23.22,0.0,76.78,0.0,0.0,0.0,0.0,0.0,0.0,0.0,0.0,0.0,0.0
2473,0.047,-12.755,17.68,2.92,7.49,41.21,0.0,0.57,1.37,1.94,0.14,0.04,25.99,0.19,0.45
2474,0.01,-13.794,9.6,0.0,0.0,1.99,0.0,0.0,0.0,0.0,0.0,0.0,88.41,0.0,0.0
2475,0.025,-14.197,4.92,0.0,11.07,2.46,0.0,0.0,0.0,0.0,0.0,0.14,79.05,1.07,1.29
2477,0.09,-13.198,52.47,0.0,40.75,0.0,0.0,0.0,0.0,0.0,0.0,0.0,0.0,6.78,0.0
2478,0.075,-12.322,11.22,0.0,23.29,65.49,0.0,0.0,0.0,0.0,0.0,0.0,0.0,0.0,0.0
2480,0.058,-11.895,11.19,0.0,3.84,84.85,0.0,0.0,0.0,0.0,0.0,0.0,0.0,0.12,0.0
2481,0.06,-12.472,23.04,0.0,14.6,54.77,0.0,0.0,0.0,0.0,0.0,0.0,5.45,0.23,1.91
2484,0.095,-12.809,34.04,0.0,37.9,24.28,0.0,0.0,0.0,0.0,0.0,0.0,0.0,3.78,0.0
2485,0.056,-12.253,20.42,0.0,7.33,72.26,0.0,0.0,0.0,0.0,0.0,0.0,0.0,0.0,0.0
2486,0.091,-13.431,21.07,0.0,41.6,37.33,0.0,0.0,0.0,0.0,0.0,0.0,0.0,0.0,0.0
2487,0.127,-13.763,17.2,0.0,59.2,23.6,0.0,0.0,0.0,0.0,0.0,0.0,0.0,0.0,0.0
2488,0.059,-12.198,13.33,0.0,7.56,77.16,0.0,0.0,0.0,0.0,0.0,0.0,0.0,0.07,1.88
2490,0.049,-11.464,26.19,33.53,11.74,28.54,0.0,0.0,0.0,0.0,0.0,0.0,0.0,0.0,0.0
2491,0.131,-13.653,17.89,0.0,43.87,36.06,0.0,0.0,0.0,0.0,0.0,0.0,0.0,0.0,2.18
2493,0.035,-11.859,43.86,0.0,1.15,54.99,0.0,0.0,0.0,0.0,0.0,0.0,0.0,0.0,0.0
2494,0.029,-13.856,10.0,0.11,11.8,10.05,0.0,0.0,0.0,3.13,0.0,0.0,64.12,0.73,0.06
2497,0.149,-14.261,21.37,0.0,78.63,0.0,0.0,0.0,0.0,0.0,0.0,0.0,0.0,0.0,0.0
2498,0.058,-13.602,13.02,0.0,21.57,32.53,0.0,0.0,2.26,0.0,0.0,0.0,29.66,0.41,0.54
2500,0.045,-12.47,76.32,0.0,23.68,0.0,0.0,0.0,0.0,0.0,0.0,0.0,0.0,0.0,0.0
2602,0.052,-13.027,17.76,5.39,6.64,33.64,0.0,0.92,2.38,3.79,0.28,0.07,28.05,0.29,0.77
2603,0.168,-14.665,7.33,0.0,86.83,5.84,0.0,0.0,0.0,0.0,0.0,0.0,0.0,0.0,0.0
2604,0.083,-13.262,55.87,0.0,43.35,0.78,0.0,0.0,0.0,0.0,0.0,0.0,0.0,0.0,0.0
2605,0.01,-13.99,3.24,0.0,0.42,0.45,0.0,0.0,0.0,0.0,0.0,0.0,95.84,0.05,0.0
2606,0.062,-13.324,24.72,7.5,10.01,22.49,0.0,0.0,0.93,2.71,0.0,0.24,20.77,4.24,6.39
2607,0.017,-14.638,0.0,4.11,0.0,0.0,0.0,0.0,0.0,33.74,0.0,0.0,53.79,0.0,8.35
2608,0.158,-14.646,16.99,0.0,83.01,0.0,0.0,0.0,0.0,0.0,0.0,0.0,0.0,0.0,0.0
2609,0.069,-12.332,31.01,0.0,21.03,47.95,0.0,0.0,0.0,0.0,0.0,0.0,0.0,0.0,0.0
2610,0.066,-12.226,8.84,0.0,26.29,64.87,0.0,0.0,0.0,0.0,0.0,0.0,0.0,0.0,0.0
2612,0.012,-14.133,0.0,0.0,1.73,0.38,0.0,0.0,0.0,0.0,0.0,0.0,97.89,0.0,0.0
2613,0.061,-12.651,31.5,1.81,23.31,28.2,0.05,0.19,0.34,2.78,0.03,0.01,7.48,3.58,0.71
2615,0.062,-12.637,31.78,1.65,23.54,28.49,0.05,0.19,0.29,2.42,0.03,0.01,7.2,3.63,0.72
2617,0.083,-13.119,26.49,17.15,0.0,27.82,0.0,0.0,0.0,0.0,0.0,0.0,28.41,0.13,0.0
2620,0.033,-13.952,5.24,0.73,4.66,9.6,0.0,0.0,9.58,30.98,0.0,0.0,32.49,0.78,5.95
2623,0.019,-15.306,1.78,4.91,0.94,2.42,0.0,0.0,0.0,31.13,0.0,0.0,37.48,0.21,21.14
2629,0.01,-13.754,10.86,0.4,0.0,0.0,0.0,0.0,0.0,0.0,0.0,0.0,88.68,0.07,0.0
2630,0.061,-12.362,16.48,0.27,14.29,68.97,0.0,0.0,0.0,0.0,0.0,0.0,0.0,0.0,0.0
2631,0.01,-14.729,4.8,0.0,0.0,4.16,0.0,0.0,0.0,0.0,0.0,0.0,75.83,0.0,15.2
2634,0.123,-13.76,23.37,0.0,59.32,17.31,0.0,0.0,0.0,0.0,0.0,0.0,0.0,0.0,0.0
2635,0.056,-11.809,6.6,0.0,0.0,93.4,0.0,0.0,0.0,0.0,0.0,0.0,0.0,0.0,0.0
2640,0.072,-12.187,16.79,0.0,16.72,66.49,0.0,0.0,0.0,0.0,0.0,0.0,0.0,0.0,0.0
2642,0.083,-12.659,35.23,0.0,23.12,32.44,0.0,0.0,0.0,0.0,0.0,0.0,0.0,9.2,0.0
2644,0.03,-13.495,10.33,0.93,0.03,12.62,0.0,0.45,3.52,20.66,0.0,9.45,36.01,4.7,1.3
3001,0.048,-12.757,21.92,3.92,5.53,38.91,0.0,0.78,1.86,2.63,0.2,0.05,23.39,0.23,0.6
3002,0.012,-11.94,0.0,0.0,0.0,100.0,0.0,0.0,0.0,0.0,0.0,0.0,0.0,0.0,0.0
3003,0.046,-12.978,0.63,0.11,14.18,42.02,0.0,0.0,0.0,0.0,0.0,0.0,42.94,0.08,0.05
3004,0.02,-11.41,0.0,0.0,0.0,100.0,0.0,0.0,0.0,0.0,0.0,0.0,0.0,0.0,0.0
3005,0.072,-12.159,11.18,1.96,13.44,72.91,0.0,0.0,0.0,0.0,0.0,0.0,0.51,0.0,0.0
3006,0.047,-12.754,17.72,2.92,7.5,41.18,0.0,0.57,1.37,1.94,0.14,0.04,25.97,0.19,0.45
3007,0.046,-12.507,0.0,0.0,33.78,66.22,0.0,0.0,0.0,0.0,0.0,0.0,0.0,0.0,0.0
3008,0.05,-11.936,0.0,0.0,4.53,95.47,0.0,0.0,0.0,0.0,0.0,0.0,0.0,0.0,0.0
3009,0.042,-13.031,0.03,0.0,10.63,40.96,0.0,0.0,0.0,0.0,0.0,0.0,48.24,0.09,0.05
3010,0.019,-12.147,0.0,0.0,7.2,92.8,0.0,0.0,0.0,0.0,0.0,0.0,0.0,0.0,0.0
3011,0.066,-12.747,0.0,0.0,51.42,48.58,0.0,0.0,0.0,0.0,0.0,0.0,0.0,0.0,0.0
3012,0.0,-11.445,42.41,0.0,57.59,0.0,0.0,0.0,0.0,0.0,0.0,0.0,0.0,0.0,0.0
3013,0.116,-13.598,0.0,0.0,75.63,24.37,0.0,0.0,0.0,0.0,0.0,0.0,0.0,0.0,0.0
3014,0.0,-10.925,0.0,0.0,100.0,0.0,0.0,0.0,0.0,0.0,0.0,0.0,0.0,0.0,0.0
3015,0.115,-13.914,0.0,0.0,99.17,0.83,0.0,0.0,0.0,0.0,0.0,0.0,0.0,0.0,0.0
3016,0.055,-12.082,0.0,0.0,10.38,89.62,0.0,0.0,0.0,0.0,0.0,0.0,0.0,0.0,0.0
3017,0.064,-12.426,5.48,0.0,48.79,44.3,0.0,0.0,0.0,0.0,0.0,0.0,1.43,0.0,0.0
3018,0.051,-12.065,0.0,0.0,0.8,81.36,0.0,0.0,0.0,0.0,0.0,0.0,16.37,1.48,0.0
3019,0.019,-13.699,0.06,0.0,2.0,12.92,0.0,0.0,0.0,0.0,0.0,0.0,84.91,0.0,0.11
3020,0.016,-11.837,41.29,0.0,58.71,0.0,0.0,0.0,0.0,0.0,0.0,0.0,0.0,0.0,0.0
3021,0.065,-12.345,0.0,0.0,25.47,69.28,0.0,0.0,0.0,0.0,0.0,0.0,5.25,0.0,0.0
3022,0.061,-12.162,0.0,0.0,15.38,77.62,0.0,0.0,0.0,0.0,0.0,0.0,7.0,0.0,0.0
3023,0.039,-11.664,0.0,0.0,0.0,100.0,0.0,0.0,0.0,0.0,0.0,0.0,0.0,0.0,0.0
3024,0.098,-13.145,5.27,0.0,85.35,9.39,0.0,0.0,0.0,0.0,0.0,0.0,0.0,0.0,0.0
3025,0.025,-14.085,0.0,0.0,7.03,3.96,0.0,0.0,0.0,0.0,0.0,0.0,89.01,0.0,0.0
3026,0.101,-13.022,0.0,0.0,76.71,23.29,0.0,0.0,0.0,0.0,0.0,0.0,0.0,0.0,0.0
3027,0.077,-12.694,0.0,0.0,38.84,53.05,0.0,0.0,0.0,0.0,0.0,0.0,8.12,0.0,0.0
3028,0.146,-14.123,0.0,0.0,100.0,0.0,0.0,0.0,0.0,0.0,0.0,0.0,0.0,0.0,0.0
3029,0.045,-11.475,0.0,0.0,0.0,100.0,0.0,0.0,0.0,0.0,0.0,0.0,0.0,0.0,0.0
3030,0.052,-11.99,0.0,0.0,7.08,81.09,0.0,0.0,0.0,0.0,0.0,0.0,11.84,0.0,0.0
3031,0.025,-12.996,0.0,0.0,0.0,39.95,0.0,0.0,0.0,0.0,0.0,0.0,60.05,0.0,0.0
3032,0.064,-12.402,1.74,0.77,5.6,72.2,0.0,0.0,5.5,0.0,0.0,0.0,14.19,0.0,0.0
3033,0.032,-13.027,15.61,1.25,2.12,33.46,0.0,0.2,0.68,6.65,0.04,2.21,35.53,0.44,1.81
4001,0.015,-14.028,0.0,0.0,3.48,0.0,0.0,0.0,2.63,92.86,0.0,0.0,1.04,0.0,0.0
4002,0.019,-13.835,0.0,0.0,1.97,0.0,0.0,1.04,8.11,23.65,0.0,0.0,65.23,0.0,0.0
4003,0.009,-13.977,0.0,0.0,0.0,0.0,0.0,0.0,0.0,0.12,0.0,0.0,99.88,0.0,0.0
4004,0.068,-13.106,2.29,9.47,17.93,38.89,0.0,0.0,1.03,9.86,0.0,0.0,20.36,0.17,0.0
4005,0.09,-14.35,0.0,42.66,0.0,6.99,0.0,0.0,0.0,37.16,0.0,0.0,13.2,0.0,0.0
4006,0.056,-13.398,0.0,14.28,8.52,20.19,0.0,0.0,1.88,18.02,0.0,0.0,36.79,0.32,0.0
4007,0.052,-11.919,30.16,0.0,29.41,35.71,1.26,0.0,3.46,0.0,0.0,0.0,0.0,0.0,0.0
4008,0.045,-11.883,45.5,0.0,21.9,28.45,1.4,0.0,2.75,0.0,0.0,0.0,0.0,0.0,0.0
4009,0.067,-12.633,46.68,0.0,47.2,6.13,0.0,0.0,0.0,0.0,0.0,0.0,0.0,0.0,0.0
4010,0.049,-12.542,31.02,1.9,15.85,28.99,0.0,0.33,0.79,1.12,0.08,0.02,15.1,4.53,0.26
4011,0.004,-11.705,78.15,0.0,21.85,0.0,0.0,0.0,0.0,0.0,0.0,0.0,0.0,0.0,0.0
4012,0.001,-11.54,69.38,0.0,30.62,0.0,0.0,0.0,0.0,0.0,0.0,0.0,0.0,0.0,0.0
4013,0.0,-11.55,57.71,0.0,42.29,0.0,0.0,0.0,0.0,0.0,0.0,0.0,0.0,0.0,0.0
4014,0.0,-11.616,69.55,0.0,30.45,0.0,0.0,0.0,0.0,0.0,0.0,0.0,0.0,0.0,0.0
4015,0.001,-11.785,91.9,2.14,5.87,0.0,0.0,0.0,0.0,0.0,0.0,0.0,0.0,0.08,0.0
4016,0.035,-12.193,72.53,0.97,26.46,0.0,0.0,0.0,0.0,0.0,0.0,0.0,0.0,0.03,0.0
4017,0.003,-11.822,95.31,0.0,4.45,0.0,0.0,0.0,0.0,0.0,0.0,0.0,0.0,0.24,0.0
4018,0.002,-11.687,97.99,0.0,1.94,0.0,0.0,0.0,0.0,0.0,0.0,0.0,0.0,0.07,0.0
4019,0.001,-11.884,100.0,0.0,0.0,0.0,0.0,0.0,0.0,0.0,0.0,0.0,0.0,0.0,0.0
4020,0.06,-12.499,62.07,0.0,37.86,0.0,0.0,0.0,0.0,0.0,0.0,0.0,0.0,0.07,0.0
4021,0.04,-12.257,64.18,0.0,35.82,0.0,0.0,0.0,0.0,0.0,0.0,0.0,0.0,0.0,0.0
4022,0.001,-11.902,100.0,0.0,0.0,0.0,0.0,0.0,0.0,0.0,0.0,0.0,0.0,0.0,0.0
4023,0.064,-12.52,46.18,0.0,53.82,0.0,0.0,0.0,0.0,0.0,0.0,0.0,0.0,0.0,0.0
4024,0.113,-13.318,3.04,0.0,96.96,0.0,0.0,0.0,0.0,0.0,0.0,0.0,0.0,0.0,0.0
4025,0.105,-13.212,34.37,0.0,65.63,0.0,0.0,0.0,0.0,0.0,0.0,0.0,0.0,0.0,0.0
4026,0.1,-13.072,33.14,0.0,66.86,0.0,0.0,0.0,0.0,0.0,0.0,0.0,0.0,0.0,0.0
5001,0.07,-11.914,10.17,35.03,17.54,37.26,0.0,0.0,0.0,0.0,0.0,0.0,0.0,0.0,0.0
5002,0.101,-12.44,0.0,15.32,19.17,65.52,0.0,0.0,0.0,0.0,0.0,0.0,0.0,0.0,0.0
5003,0.055,-11.293,11.98,67.28,7.99,12.75,0.0,0.0,0.0,0.0,0.0,0.0,0.0,0.0,0.0
5004,0.123,-13.442,0.0,0.0,49.54,50.46,0.0,0.0,0.0,0.0,0.0,0.0,0.0,0.0,0.0
5005,0.078,-12.269,0.0,0.0,13.81,86.19,0.0,0.0,0.0,0.0,0.0,0.0,0.0,0.0,0.0
5006,0.036,-11.309,0.0,0.0,4.56,95.44,0.0,0.0,0.0,0.0,0.0,0.0,0.0,0.0,0.0
5007,0.09,-12.603,0.0,0.0,27.83,72.17,0.0,0.0,0.0,0.0,0.0,0.0,0.0,0.0,0.0
5008,0.091,-12.5,1.84,13.59,41.34,43.23,0.0,0.0,0.0,0.0,0.0,0.0,0.0,0.0,0.0
5009,0.088,-12.303,0.0,3.2,30.16,66.64,0.0,0.0,0.0,0.0,0.0,0.0,0.0,0.0,0.0
5010,0.074,-12.248,0.0,0.0,39.1,60.9,0.0,0.0,0.0,0.0,0.0,0.0,0.0,0.0,0.0
5011,0.063,-12.046,19.81,25.25,13.98,40.97,0.0,0.0,0.0,0.0,0.0,0.0,0.0,0.0,0.0
5012,0.098,-12.648,0.0,2.21,36.9,60.88,0.0,0.0,0.0,0.0,0.0,0.0,0.0,0.0,0.0
5013,0.099,-12.644,0.4,2.19,33.85,63.56,0.0,0.0,0.0,0.0,0.0,0.0,0.0,0.0,0.0
5014,0.098,-12.641,0.43,1.62,34.45,63.5,0.0,0.0,0.0,0.0,0.0,0.0,0.0,0.0,0.0
5015,0.056,-11.503,0.17,67.44,16.62,15.77,0.0,0.0,0.0,0.0,0.0,0.0,0.0,0.0,0.0
5016,0.092,-12.669,0.0,0.0,31.94,68.06,0.0,0.0,0.0,0.0,0.0,0.0,0.0,0.0,0.0
5017,0.144,-13.76,0.0,41.86,26.61,31.53,0.0,0.0,0.0,0.0,0.0,0.0,0.0,0.0,0.0
5018,0.029,-11.03,9.95,55.34,2.08,32.62,0.0,0.0,0.0,0.0,0.0,0.0,0.0,0.0,0.0
5019,0.161,-13.568,6.38,0.0,61.19,32.43,0.0,0.0,0.0,0.0,0.0,0.0,0.0,0.0,0.0
5020,0.16,-12.712,0.0,5.86,49.4,44.75,0.0,0.0,0.0,0.0,0.0,0.0,0.0,0.0,0.0
5021,0.086,-12.443,6.25,8.68,27.64,57.43,0.0,0.0,0.0,0.0,0.0,0.0,0.0,0.0,0.0
5022,0.123,-12.893,0.0,6.21,37.86,55.56,0.0,0.0,0.0,0.0,0.0,0.0,0.37,0.01,0.0
5023,0.116,-12.608,2.04,2.2,39.89,55.87,0.0,0.0,0.0,0.0,0.0,0.0,0.0,0.0,0.0
5024,0.088,-12.554,0.0,0.0,26.07,73.93,0.0,0.0,0.0,0.0,0.0,0.0,0.0,0.0,0.0
5025,0.055,-13.163,3.89,6.02,8.51,35.41,0.0,0.0,0.0,23.46,0.0,0.0,22.68,0.0,0.03
5026,0.122,-13.105,0.0,1.38,44.44,54.18,0.0,0.0,0.0,0.0,0.0,0.0,0.0,0.0,0.0
5027,0.038,-13.235,2.96,5.85,1.51,31.83,0.0,0.0,0.0,29.4,0.0,0.0,28.42,0.0,0.03
5028,0.115,-12.782,0.0,19.05,31.68,49.27,0.0,0.0,0.0,0.0,0.0,0.0,0.0,0.0,0.0
5029,0.1,-12.312,6.09,0.0,36.31,57.6,0.0,0.0,0.0,0.0,0.0,0.0,0.0,0.0,0.0
5030,0.082,-12.362,4.62,6.01,23.6,65.74,0.0,0.0,0.0,0.0,0.0,0.0,0.0,0.03,0.0
5031,0.015,-13.647,0.0,1.21,0.01,12.41,0.0,0.0,0.0,67.89,0.0,0.0,18.38,0.0,0.09
5032,0.079,-12.28,3.95,4.81,19.54,71.65,0.0,0.0,0.0,0.0,0.0,0.0,0.0,0.05,0.0
6001,0.01,-14.102,0.0,0.0,0.0,0.0,0.0,0.0,0.0,0.0,0.0,0.0,99.96,0.0,0.04
6002,0.01,-14.101,0.0,0.0,0.0,0.0,0.0,0.0,0.0,0.0,0.0,3.86,96.13,0.0,0.01
6003,0.01,-14.094,0.17,0.0,0.0,0.0,0.0,0.0,0.0,0.0,0.0,25.47,74.36,0.0,0.0
6004,0.008,-13.449,18.18,0.0,0.0,0.0,0.0,0.0,0.02,0.0,0.0,33.98,47.82,0.0,0.0
6005,0.014,-13.801,10.6,1.14,1.18,0.51,0.0,0.0,1.09,0.0,0.0,4.34,80.28,0.05,0.81
6006,0.01,-13.818,7.92,0.0,0.33,0.26,0.0,0.0,0.01,0.0,0.0,0.68,90.8,0.0,0.0
6007,0.012,-13.782,10.24,0.68,0.71,0.3,0.0,0.0,0.65,0.0,0.0,6.3,80.59,0.03,0.48
6008,0.025,-13.513,14.03,0.0,0.0,0.0,0.0,0.0,0.0,14.14,0.0,0.0,64.15,7.68,0.0
6009,0.01,-14.1,0.0,0.0,0.0,0.0,0.0,0.0,0.0,0.0,0.0,0.0,100.0,0.0,0.0
6010,0.009,-13.589,14.28,0.0,0.0,0.0,0.0,0.0,0.0,0.0,0.0,0.0,85.7,0.02,0.0
6011,0.026,-13.431,15.37,0.39,2.61,6.72,0.0,0.7,0.51,1.24,0.0,1.72,66.08,4.46,0.18
