# Supplementary topographic and location attributes derived from data provider resources (BAFU, Swisstopo, etc.)
gauge_id,gauge_easting_old,gauge_northing_old,hierarchy_lower,hierarchy_upper,river_basin,river_basin_ch,sub_gauge_id,sub_area,frac_ch,frac_de,frac_at,frac_li,frac_it,frac_fr,ext_r1981,ext_r1992,ext_tabs,ext_srel,ext_sim,perc_jura,perc_black_forest,perc_plateau,perc_alps_north,perc_alps_west,perc_alps_south,perc_alps_east,bio_geo_dominant
2004,575500,197790,218,223,Rhine,Aare,2004,296.7,100.0,0.0,0.0,0.0,0.0,0.0,99.77,99.77,99.77,99.77,99.77,0.0,0.0,96.38,3.62,0.0,0.0,0.0,plateau
2007,514700,168840,204,209,Rhine,Aare,2007,163.4,79.48,0.0,0.0,0.0,0.0,20.52,100.0,100.0,100.0,100.0,100.0,100.0,0.0,0.0,0.0,0.0,0.0,0.0,Jura
2009,557660,133280,574,605,Rhone,Rhone,2009,704.3,99.12,0.0,0.0,0.0,0.01,0.87,99.78,100.0,99.78,99.78,100.0,0.0,0.0,0.0,9.82,90.18,0.0,0.0,alps_west
2011,593770,118630,576,597,Rhone,Rhone,2011,1575.5,99.99,0.0,0.0,0.0,0.01,0.0,100.0,100.0,100.0,100.0,100.0,0.0,0.0,0.0,0.85,99.15,0.0,0.0,alps_west
2014,713710,231515,389,390,Rhine,Limmat,2014,521.9,100.0,0.0,0.0,0.0,0.0,0.0,99.4,99.4,99.4,99.4,99.4,0.0,0.0,5.99,94.0,0.0,0.0,0.0,alps_north
2016,657000,259360,199,322,Rhine,Aare,2016,807.1,99.02,0.0,0.0,0.0,0.0,0.98,99.89,99.89,99.89,99.89,99.83,16.23,0.0,45.21,38.56,0.0,0.0,0.0,plateau
2017,681555,224660,325,326,Rhine,Reuss,2017,149.8,100.0,0.0,0.0,0.0,0.0,0.0,100.0,100.0,100.0,100.0,100.0,0.0,0.0,67.52,32.48,0.0,0.0,0.0,plateau
2018,662830,252580,323,366,Rhine,Reuss,2018,221.8,100.0,0.0,0.0,0.0,0.0,0.0,100.0,100.0,100.0,100.0,100.0,0.0,0.0,19.62,74.69,0.0,0.5,5.19,alps_north
2019,649930,177380,246,247,Rhine,Aare,2019,555.2,100.0,0.0,0.0,0.0,0.0,0.0,99.25,99.25,99.25,99.25,99.25,0.0,0.0,0.0,100.0,0.0,0.0,0.0,alps_north
2020,721245,117025,502,515,Po,Ticino,2020,201.6,99.83,0.0,0.0,0.0,0.17,0.0,100.0,100.0,100.0,100.0,100.0,0.0,0.0,0.0,0.0,0.0,98.13,1.87,alps_south
2021,710200,91800,478,489,Po,Ticino,2021,170.2,59.65,0.0,0.0,0.0,40.35,0.0,82.95,84.42,80.65,78.18,84.42,0.0,0.0,0.0,0.0,0.0,100.0,0.0,alps_south
2022,705480,113380,519,520,Po,Ticino,2074,1311.0,50.87,0.0,0.0,0.0,49.13,0.0,62.41,98.54,62.2,61.17,98.56,0.0,0.0,0.0,0.0,0.03,99.54,0.43,alps_south
2023,635150,172340,245,248,Rhine,Aare,2023,201.6,100.0,0.0,0.0,0.0,0.0,0.0,99.35,99.35,99.35,99.35,99.35,0.0,0.0,0.0,100.0,0.0,0.0,0.0,alps_north
2024,573150,108300,575,598,Rhone,Rhone,2024,355.5,99.99,0.0,0.0,0.0,0.01,0.0,99.98,99.98,99.98,99.98,99.98,0.0,0.0,0.0,0.77,99.23,0.0,0.0,alps_west
2025,688625,205370,341,352,Rhine,Reuss,2025,130.4,100.0,0.0,0.0,0.0,0.0,0.0,100.0,100.0,100.0,100.0,100.0,0.0,0.0,0.0,80.87,0.0,1.7,17.43,alps_north
2026,560720,140490,559,614,Rhone,Rhone,2026,1660.2,84.71,0.0,0.0,0.0,0.01,15.28,90.73,100.0,90.73,90.62,99.93,4.5,0.0,17.12,10.61,67.78,0.0,0.0,alps_west
2027,524940,148410,559,614,Rhone,Rhone,2026,1660.2,84.71,0.0,0.0,0.0,0.01,15.28,90.73,100.0,90.73,90.62,99.93,4.5,0.0,17.12,10.61,67.78,0.0,0.0,alps_west
2028,500750,119390,559,614,Rhone,Rhone,2026,1660.2,84.71,0.0,0.0,0.0,0.01,15.28,90.73,100.0,90.73,90.62,99.93,4.5,0.0,17.12,10.61,67.78,0.0,0.0,alps_west
2029,588220,219020,201,284,Rhine,Aare,2029,12.7,98.61,0.0,0.0,0.0,0.0,1.39,99.92,99.92,99.92,99.92,99.86,17.89,0.0,35.21,46.9,0.0,0.0,0.0,alps_north
2030,613230,179280,238,261,Rhine,Aare,2030,7.7,100.0,0.0,0.0,0.0,0.0,0.0,99.46,99.46,99.46,99.46,99.46,0.0,0.0,0.64,99.36,0.0,0.0,0.0,alps_north
2031,687480,221420,328,329,Rhine,Reuss,2031,48.1,100.0,0.0,0.0,0.0,0.0,0.0,100.0,100.0,100.0,100.0,100.0,0.0,0.0,0.0,100.0,0.0,0.0,0.0,alps_north
2032,746160,270040,11,150,Rhine,Rhein,4010,1128.8,49.05,27.16,21.84,1.47,0.48,0.0,100.0,100.0,56.16,55.76,99.18,0.0,0.02,36.67,21.73,0.0,0.13,41.45,alps_east
2033,734997,182035,75,78,Rhine,Rhein,2033,752.3,100.0,0.0,0.0,0.0,0.0,0.0,99.74,99.74,99.74,99.74,99.61,0.0,0.0,0.0,0.0,0.0,1.79,98.21,alps_east
2034,561660,187320,219,222,Rhine,Aare,2034,409.0,100.0,0.0,0.0,0.0,0.0,0.0,98.82,98.82,98.82,98.82,98.82,0.0,0.0,93.8,6.2,0.0,0.0,0.0,plateau
2041,761215,241750,38,85,Rhine,Rhein,2041,27.4,76.28,0.0,20.26,2.6,0.85,0.0,100.0,100.0,84.48,84.06,100.0,0.0,0.0,0.0,26.11,0.0,0.23,73.66,alps_east
2043,718570,281730,155,156,Rhine,Rhein,2043,363.1,47.48,29.92,20.75,1.39,0.45,0.0,100.0,100.0,55.17,54.71,99.23,0.0,1.21,38.63,20.65,0.0,0.12,39.39,alps_east
2044,693510,272500,159,178,Rhine,Rhein,2044,403.3,100.0,0.0,0.0,0.0,0.0,0.0,99.85,99.85,99.85,99.85,99.85,0.0,0.0,54.25,45.75,0.0,0.0,0.0,plateau
2053,570930,105200,601,604,Rhone,Rhone,2053,421.9,99.97,0.0,0.0,0.0,0.02,0.01,100.0,100.0,100.0,100.0,100.0,0.0,0.0,0.0,0.0,100.0,0.0,0.0,alps_west
2056,690085,193210,342,349,Rhine,Reuss,2056,514.4,100.0,0.0,0.0,0.0,0.0,0.0,100.0,100.0,100.0,100.0,100.0,0.0,0.0,0.0,76.87,0.0,2.05,21.08,alps_north
2063,629665,235150,200,303,Rhine,Aare,2063,690.6,98.86,0.0,0.0,0.0,0.0,1.14,99.89,99.89,99.89,99.89,99.82,15.86,0.0,39.88,44.26,0.0,0.0,0.0,alps_north
2066,784940,152420,432,439,Inn,Inn,2066,15.8,99.95,0.0,0.0,0.0,0.05,0.0,100.0,100.0,100.0,100.0,100.0,0.0,0.0,0.0,0.0,0.0,0.0,100.0,alps_east
2067,830640,197190,423,452,Inn,Inn,2067,356.7,87.09,0.0,0.06,0.0,12.85,0.0,99.98,99.98,93.99,93.94,99.98,0.0,0.0,0.0,0.0,0.0,0.0,100.0,alps_east
2068,713670,113500,501,518,Po,Ticino,2068,94.7,99.84,0.0,0.0,0.0,0.16,0.0,100.0,100.0,100.0,100.0,100.0,0.0,0.0,0.0,0.0,0.0,98.24,1.76,alps_south
2070,623610,200420,288,293,Rhine,Aare,2070,131.2,100.0,0.0,0.0,0.0,0.0,0.0,98.86,98.86,98.86,98.86,98.86,0.0,0.0,0.0,100.0,0.0,0.0,0.0,alps_north
2072,777870,145180,435,436,Inn,Inn,2072,45.8,99.91,0.0,0.0,0.0,0.09,0.0,100.0,100.0,100.0,100.0,100.0,0.0,0.0,0.0,0.0,0.0,0.0,100.0,alps_east
2073,781560,148150,434,437,Inn,Inn,2073,91.5,99.93,0.0,0.0,0.0,0.07,0.0,100.0,100.0,100.0,100.0,100.0,0.0,0.0,0.0,0.0,0.0,0.0,100.0,alps_east
2074,698350,108200,519,520,Po,Ticino,2074,1311.0,50.87,0.0,0.0,0.0,49.13,0.0,62.41,98.54,62.2,61.17,98.56,0.0,0.0,0.0,0.0,0.03,99.54,0.43,alps_south
2078,803490,130520,648,653,Po,Adda,2078,152.6,99.51,0.0,0.0,0.0,0.49,0.0,99.58,99.58,99.58,99.58,98.98,0.0,0.0,0.0,0.0,0.0,100.0,0.0,alps_south
2079,803462,130547,651,652,Po,Adda,2079,1.0,100.0,0.0,0.0,0.0,0.0,0.0,100.0,100.0,100.0,100.0,100.0,0.0,0.0,0.0,0.0,0.0,100.0,0.0,alps_south
2081,701460,246705,183,184,Rhine,Rhein,2081,28.9,100.0,0.0,0.0,0.0,0.0,0.0,100.0,100.0,100.0,100.0,100.0,0.0,0.0,100.0,0.0,0.0,0.0,0.0,plateau
2082,693380,246690,182,185,Rhine,Rhein,2082,135.1,100.0,0.0,0.0,0.0,0.0,0.0,100.0,100.0,100.0,100.0,100.0,0.0,0.0,100.0,0.0,0.0,0.0,0.0,plateau
2084,688262,206170,335,338,Rhine,Reuss,2084,244.2,100.0,0.0,0.0,0.0,0.0,0.0,100.0,100.0,100.0,100.0,100.0,0.0,0.0,0.0,100.0,0.0,0.0,0.0,alps_north
2085,580680,211650,234,281,Rhine,Aare,2085,222.4,100.0,0.0,0.0,0.0,0.0,0.0,99.92,99.92,99.92,99.92,99.92,0.0,0.0,24.83,75.17,0.0,0.0,0.0,alps_north
2086,717770,137270,509,510,Po,Ticino,2086,400.2,100.0,0.0,0.0,0.0,0.0,0.0,98.94,98.94,98.94,98.94,99.19,0.0,0.0,0.0,0.0,0.0,100.0,0.0,alps_south
2087,688120,166320,343,344,Rhine,Reuss,2087,190.2,100.0,0.0,0.0,0.0,0.0,0.0,99.38,99.38,99.38,99.38,99.38,0.0,0.0,0.0,0.0,0.0,8.99,91.01,alps_east
2088,661260,193270,356,357,Rhine,Reuss,2088,268.4,100.0,0.0,0.0,0.0,0.0,0.0,100.0,100.0,100.0,100.0,100.0,0.0,0.0,0.0,100.0,0.0,0.0,0.0,alps_north
2091,627190,267840,5,398,Rhine,Rhein,2091,469.1,76.88,15.26,6.91,0.46,0.15,0.33,99.98,99.98,81.14,80.94,99.66,6.37,5.0,40.17,34.74,0.0,0.09,13.63,plateau
2093,617280,171750,239,250,Rhine,Aare,2093,260.1,100.0,0.0,0.0,0.0,0.0,0.0,99.49,99.49,99.49,99.49,99.49,0.0,0.0,0.32,99.68,0.0,0.0,0.0,alps_north
2097,659125,238615,320,321,Rhine,Aare,2097,65.9,100.0,0.0,0.0,0.0,0.0,0.0,100.0,100.0,100.0,100.0,100.0,0.0,0.0,100.0,0.0,0.0,0.0,0.0,plateau
2099,682055,249430,368,393,Rhine,Limmat,2099,6.4,100.0,0.0,0.0,0.0,0.0,0.0,99.5,99.5,99.5,99.5,99.45,0.0,0.0,20.01,79.99,0.0,0.0,0.0,alps_north
2101,717070,91650,479,482,Po,Ticino,2101,223.2,36.9,0.0,0.0,0.0,63.1,0.0,68.57,68.57,63.88,60.21,68.57,0.0,0.0,0.0,0.0,0.0,100.0,0.0,alps_south
2102,661460,194220,355,358,Rhine,Reuss,2102,0.9,100.0,0.0,0.0,0.0,0.0,0.0,100.0,100.0,100.0,100.0,100.0,0.0,0.0,0.0,100.0,0.0,0.0,0.0,alps_north
2104,725160,221380,379,388,Rhine,Limmat,2104,0.7,100.0,0.0,0.0,0.0,0.0,0.0,99.95,99.95,99.95,99.95,99.95,0.0,0.0,0.0,100.0,0.0,0.0,0.0,alps_north
2105,783910,150960,433,438,Inn,Inn,2105,18.1,99.94,0.0,0.0,0.0,0.06,0.0,100.0,100.0,100.0,100.0,100.0,0.0,0.0,0.0,0.0,0.0,0.0,100.0,alps_east
2106,613570,263080,399,408,Rhine,Rhein,2106,317.8,97.82,0.0,0.0,0.0,0.0,2.18,99.51,99.51,99.51,99.51,99.51,98.23,0.0,1.77,0.0,0.0,0.0,0.0,Jura
2109,633130,168200,241,244,Rhine,Aare,2109,215.7,100.0,0.0,0.0,0.0,0.0,0.0,99.3,99.3,99.3,99.3,99.3,0.0,0.0,0.0,100.0,0.0,0.0,0.0,alps_north
2110,672520,230600,332,365,Rhine,Reuss,2110,170.0,100.0,0.0,0.0,0.0,0.0,0.0,100.0,100.0,100.0,100.0,100.0,0.0,0.0,9.03,84.33,0.0,0.59,6.05,alps_north
2112,749040,244220,174,175,Rhine,Rhein,2112,74.4,100.0,0.0,0.0,0.0,0.0,0.0,100.0,100.0,100.0,100.0,100.0,0.0,0.0,0.0,100.0,0.0,0.0,0.0,alps_north
2113,659150,271790,197,396,Rhine,Aare,2113,133.7,99.35,0.0,0.0,0.0,0.0,0.65,99.92,99.92,99.92,99.92,99.87,10.75,0.0,38.57,49.59,0.0,0.1,0.99,alps_north
2116,659790,273390,7,196,Rhine,Rhein,2116,506.4,54.2,29.48,14.99,1.01,0.33,0.0,100.0,100.0,62.03,61.6,99.38,0.9,7.25,43.16,20.16,0.0,0.09,28.44,plateau
2117,582550,103270,602,603,Rhone,Rhone,2117,253.7,99.98,0.0,0.0,0.0,0.02,0.0,100.0,100.0,100.0,100.0,100.0,0.0,0.0,0.0,0.0,100.0,0.0,0.0,alps_west
2118,734430,219560,386,387,Rhine,Limmat,2118,354.5,100.0,0.0,0.0,0.0,0.0,0.0,99.83,99.83,99.83,99.83,99.83,0.0,0.0,0.0,100.0,0.0,0.0,0.0,alps_north
2119,579420,183670,271,276,Rhine,Aare,2119,590.9,100.0,0.0,0.0,0.0,0.0,0.0,100.0,100.0,100.0,100.0,100.0,0.0,0.0,21.97,78.03,0.0,0.0,0.0,alps_north
2122,595740,237010,405,406,Rhine,Rhein,2122,185.8,100.0,0.0,0.0,0.0,0.0,0.0,100.0,100.0,100.0,100.0,100.0,100.0,0.0,0.0,0.0,0.0,0.0,0.0,Jura
2125,674715,229845,324,331,Rhine,Reuss,2125,11.7,100.0,0.0,0.0,0.0,0.0,0.0,100.0,100.0,100.0,100.0,100.0,0.0,0.0,68.98,31.02,0.0,0.0,0.0,plateau
2126,714105,261720,161,162,Rhine,Rhein,2126,80.1,100.0,0.0,0.0,0.0,0.0,0.0,100.0,100.0,100.0,100.0,100.0,0.0,0.0,95.11,4.89,0.0,0.0,0.0,plateau
2130,646000,267410,6,397,Rhine,Rhein,2130,417.5,77.27,14.76,7.01,0.47,0.15,0.34,99.99,99.99,81.4,81.2,99.66,6.01,4.36,40.5,35.22,0.0,0.09,13.82,plateau
2132,691460,263820,179,180,Rhine,Rhein,2132,343.3,100.0,0.0,0.0,0.0,0.0,0.0,99.61,99.61,99.61,99.61,99.61,0.0,0.0,83.69,16.31,0.0,0.0,0.0,plateau
2135,600710,198000,235,262,Rhine,Aare,2135,365.7,100.0,0.0,0.0,0.0,0.0,0.0,99.62,99.62,99.62,99.62,99.62,0.0,0.0,10.09,89.91,0.0,0.0,0.0,alps_north
2137,662710,229100,315,316,Rhine,Aare,2137,73.2,100.0,0.0,0.0,0.0,0.0,0.0,100.0,100.0,100.0,100.0,100.0,0.0,0.0,100.0,0.0,0.0,0.0,0.0,plateau
2139,767194,257810,144,145,Rhine,Rhein,2139,174.9,100.0,0.0,0.0,0.0,0.0,0.0,98.31,98.31,98.31,98.31,98.31,0.0,0.0,77.15,22.85,0.0,0.0,0.0,plateau
2141,763420,170145,66,71,Rhine,Rhein,2141,345.4,100.0,0.0,0.0,0.0,0.0,0.0,99.42,99.42,99.42,99.42,99.42,0.0,0.0,0.0,0.0,0.0,0.0,100.0,alps_east
2143,667060,269230,8,187,Rhine,Rhein,2143,354.2,57.43,24.94,16.19,1.09,0.35,0.0,100.0,100.0,64.62,64.23,99.4,0.62,1.11,45.66,21.78,0.0,0.09,30.74,plateau
2150,765364,204910,56,57,Rhine,Rhein,2150,613.7,99.97,0.0,0.03,0.0,0.0,0.0,99.55,99.55,99.55,99.55,99.55,0.0,0.0,0.0,0.02,0.0,0.0,99.98,alps_east
2151,600060,167090,256,257,Rhine,Aare,2151,309.0,100.0,0.0,0.0,0.0,0.0,0.0,98.34,98.34,98.34,98.34,98.34,0.0,0.0,0.0,100.0,0.0,0.0,0.0,alps_north
2152,665330,211800,333,360,Rhine,Reuss,2152,11.3,100.0,0.0,0.0,0.0,0.0,0.0,100.0,100.0,100.0,100.0,100.0,0.0,0.0,1.07,90.38,0.0,0.76,7.79,alps_north
2154,539220,184155,213,216,Rhine,Aare,2642,1027.5,95.71,0.0,0.0,0.0,0.0,4.29,99.82,99.82,99.82,99.82,99.66,43.13,0.0,55.91,0.96,0.0,0.0,0.0,plateau
2155,608220,223240,285,296,Rhine,Aare,2155,479.9,100.0,0.0,0.0,0.0,0.0,0.0,99.45,99.45,99.45,99.45,99.45,0.0,0.0,36.76,63.24,0.0,0.0,0.0,alps_north
2157,609270,223300,297,298,Rhine,Aare,2157,12.7,100.0,0.0,0.0,0.0,0.0,0.0,100.0,100.0,100.0,100.0,100.0,0.0,0.0,100.0,0.0,0.0,0.0,0.0,plateau
2159,604810,192680,236,237,Rhine,Aare,2159,116.1,100.0,0.0,0.0,0.0,0.0,0.0,99.88,99.88,99.88,99.88,99.88,0.0,0.0,54.39,45.61,0.0,0.0,0.0,plateau
2160,573520,161345,274,275,Rhine,Aare,2160,636.2,100.0,0.0,0.0,0.0,0.0,0.0,100.0,100.0,100.0,100.0,100.0,0.0,0.0,0.0,100.0,0.0,0.0,0.0,alps_north
2161,643700,137290,588,589,Rhone,Rhone,2161,195.5,100.0,0.0,0.0,0.0,0.0,0.0,100.0,100.0,100.0,100.0,100.0,0.0,0.0,0.0,0.0,100.0,0.0,0.0,alps_west
2167,709580,92145,477,490,Po,Ticino,2167,0.3,59.66,0.0,0.0,0.0,40.34,0.0,82.91,84.39,80.61,78.15,84.39,0.0,0.0,0.0,0.0,0.0,100.0,0.0,alps_south
2168,656940,220640,305,306,Rhine,Aare,2168,65.0,100.0,0.0,0.0,0.0,0.0,0.0,100.0,100.0,100.0,100.0,100.0,0.0,0.0,100.0,0.0,0.0,0.0,0.0,plateau
2170,501220,115120,616,633,Rhone,Rhone,2170,573.8,2.26,0.0,0.0,0.0,0.03,97.71,11.69,99.86,11.69,10.22,95.66,0.68,0.0,16.41,0.0,82.91,0.0,0.0,alps_west
2174,486600,112340,557,642,Rhone,Rhone,2174,168.9,67.37,0.0,0.0,0.0,0.01,32.62,74.83,100.0,74.83,74.44,99.09,4.54,0.0,18.77,8.23,68.46,0.0,0.0,alps_west
2176,682145,246890,369,378,Rhine,Limmat,2176,195.9,100.0,0.0,0.0,0.0,0.0,0.0,99.54,99.54,99.54,99.54,99.54,0.0,0.0,26.9,73.1,0.0,0.0,0.0,alps_north
2179,593350,193020,265,270,Rhine,Aare,2179,348.1,100.0,0.0,0.0,0.0,0.0,0.0,100.0,100.0,100.0,100.0,100.0,0.0,0.0,41.12,58.88,0.0,0.0,0.0,alps_north
2181,733560,263180,164,177,Rhine,Rhein,2181,314.3,100.0,0.0,0.0,0.0,0.0,0.0,99.82,99.82,99.82,99.82,99.82,0.0,0.0,28.61,71.39,0.0,0.0,0.0,alps_north
2185,757975,191925,82,83,Rhine,Rhein,2185,264.4,100.0,0.0,0.0,0.0,0.0,0.0,100.0,100.0,100.0,100.0,100.0,0.0,0.0,0.0,0.0,0.0,0.0,100.0,alps_east
2187,756795,234005,60,61,Rhine,Rhein,2187,182.6,100.0,0.0,0.0,0.0,0.0,0.0,100.0,100.0,100.0,100.0,100.0,0.0,0.0,0.0,100.0,0.0,0.0,0.0,alps_north
2199,611800,269700,413,418,Rhine,Rhein,2199,177.7,3.03,96.97,0.0,0.0,0.0,0.0,100.0,100.0,8.58,7.7,100.0,0.0,96.96,3.04,0.0,0.0,0.0,0.0,black_forest
2200,635310,164550,242,243,Rhine,Aare,2200,164.9,100.0,0.0,0.0,0.0,0.0,0.0,98.23,98.23,98.23,98.23,98.23,0.0,0.0,0.0,100.0,0.0,0.0,0.0,alps_north
2202,622270,259750,409,410,Rhine,Rhein,2202,261.2,100.0,0.0,0.0,0.0,0.0,0.0,100.0,100.0,100.0,100.0,100.0,100.0,0.0,0.0,0.0,0.0,0.0,0.0,Jura
2203,563960,129860,599,600,Rhone,Rhone,2203,131.6,100.0,0.0,0.0,0.0,0.0,0.0,100.0,100.0,100.0,100.0,100.0,0.0,0.0,0.0,100.0,0.0,0.0,0.0,alps_north
2205,659970,263180,198,395,Rhine,Aare,2205,92.6,99.35,0.0,0.0,0.0,0.0,0.65,99.9,99.9,99.9,99.9,99.84,10.8,0.0,38.13,49.97,0.0,0.1,1.0,alps_north
2206,726988,114670,516,517,Po,Ticino,2206,1.1,100.0,0.0,0.0,0.0,0.0,0.0,100.0,100.0,100.0,100.0,100.0,0.0,0.0,0.0,0.0,0.0,100.0,0.0,alps_south
2207,666950,211915,334,359,Rhine,Reuss,2207,399.7,100.0,0.0,0.0,0.0,0.0,0.0,100.0,100.0,100.0,100.0,100.0,0.0,0.0,1.08,90.33,0.0,0.76,7.83,alps_north
2208,578320,215670,282,283,Rhine,Aare,2208,301.4,98.6,0.0,0.0,0.0,0.0,1.4,99.92,99.92,99.92,99.92,99.86,17.92,0.0,35.11,46.97,0.0,0.0,0.0,alps_north
2209,684000,245475,391,392,Rhine,Limmat,2209,241.6,100.0,0.0,0.0,0.0,0.0,0.0,99.51,99.51,99.51,99.51,99.45,0.0,0.0,18.44,81.56,0.0,0.0,0.0,alps_north
2210,572530,244460,522,555,Rhone,Rhone,2210,127.0,30.63,0.0,0.0,0.0,0.0,69.37,55.59,100.0,55.59,53.63,100.0,100.0,0.0,0.0,0.0,0.0,0.0,0.0,Jura
2215,584440,195300,264,277,Rhine,Aare,2215,240.1,100.0,0.0,0.0,0.0,0.0,0.0,100.0,100.0,100.0,100.0,100.0,0.0,0.0,35.65,64.35,0.0,0.0,0.0,alps_north
2217,485440,110040,556,643,Rhone,Rhone,2217,105.6,66.78,0.0,0.0,0.0,0.01,33.21,74.6,100.0,74.6,74.19,99.1,4.73,0.0,19.36,8.15,67.77,0.0,0.0,alps_west
2219,602630,141660,258,259,Rhine,Aare,2219,34.7,100.0,0.0,0.0,0.0,0.0,0.0,94.98,94.98,94.98,94.98,94.98,0.0,0.0,0.0,100.0,0.0,0.0,0.0,alps_north
2232,608710,148300,252,253,Rhine,Aare,2232,28.8,100.0,0.0,0.0,0.0,0.0,0.0,100.0,100.0,100.0,100.0,100.0,0.0,0.0,0.0,100.0,0.0,0.0,0.0,alps_north
2239,811020,167920,445,446,Inn,Inn,2239,294.6,15.97,0.0,0.0,0.0,84.03,0.0,99.79,99.79,60.42,60.08,99.79,0.0,0.0,0.0,0.0,0.0,0.03,99.97,alps_east
2243,665640,258690,367,394,Rhine,Limmat,2243,219.7,100.0,0.0,0.0,0.0,0.0,0.0,99.43,99.43,99.43,99.43,99.39,0.0,0.0,27.35,72.65,0.0,0.0,0.0,alps_north
2244,644500,119420,462,463,Po,Ticino,2244,19.4,100.0,0.0,0.0,0.0,0.0,0.0,92.6,92.6,92.6,92.6,92.6,0.0,0.0,0.0,0.0,0.02,99.98,0.0,alps_south
2247,544560,214880,527,550,Rhone,Rhone,2247,204.6,7.55,0.0,0.0,0.0,0.0,92.45,34.24,100.0,34.24,31.59,99.96,100.0,0.0,0.0,0.0,0.0,0.0,0.0,Jura
2251,587980,170590,266,267,Rhine,Aare,2251,1.7,100.0,0.0,0.0,0.0,0.0,0.0,100.0,100.0,100.0,100.0,100.0,0.0,0.0,0.0,100.0,0.0,0.0,0.0,alps_north
2252,588340,171015,268,269,Rhine,Aare,2252,1.4,100.0,0.0,0.0,0.0,0.0,0.0,100.0,100.0,100.0,100.0,100.0,0.0,0.0,0.0,100.0,0.0,0.0,0.0,alps_north
2256,788810,151690,441,442,Inn,Inn,2256,66.5,99.96,0.0,0.0,0.0,0.04,0.0,100.0,100.0,100.0,100.0,100.0,0.0,0.0,0.0,0.0,0.0,0.0,100.0,alps_east
2262,789440,151320,429,430,Inn,Inn,2262,106.9,99.95,0.0,0.0,0.0,0.05,0.0,94.69,94.69,94.69,94.69,94.69,0.0,0.0,0.0,0.0,0.0,0.01,99.99,alps_east
2263,791430,160600,427,428,Inn,Inn,2263,73.4,99.95,0.0,0.0,0.0,0.05,0.0,100.0,100.0,100.0,100.0,100.0,0.0,0.0,0.0,0.0,0.0,0.0,100.0,alps_east
2265,816800,185910,424,451,Inn,Inn,2265,470.5,84.32,0.0,0.0,0.0,15.68,0.0,99.89,99.89,92.55,92.49,99.89,0.0,0.0,0.0,0.0,0.0,0.01,99.99,alps_east
2268,670810,157200,582,583,Rhone,Rhone,2268,39.4,100.0,0.0,0.0,0.0,0.0,0.0,98.95,98.95,98.95,98.95,98.95,0.0,0.0,0.0,0.0,99.99,0.0,0.01,alps_west
2269,629130,140910,595,596,Rhone,Rhone,2269,77.4,100.0,0.0,0.0,0.0,0.0,0.0,100.0,100.0,100.0,100.0,100.0,0.0,0.0,0.0,0.0,100.0,0.0,0.0,alps_west
2270,557530,227320,525,552,Rhone,Rhone,2270,79.7,15.93,0.0,0.0,0.0,0.0,84.07,42.86,100.0,42.86,40.56,99.95,100.0,0.0,0.0,0.0,0.0,0.0,0.0,Jura
2276,685500,196050,350,351,Rhine,Reuss,2276,43.9,100.0,0.0,0.0,0.0,0.0,0.0,98.02,98.02,98.02,98.02,98.02,0.0,0.0,0.0,100.0,0.0,0.0,0.0,alps_north
2282,630725,207270,286,287,Rhine,Aare,2282,0.6,100.0,0.0,0.0,0.0,0.0,0.0,100.0,100.0,100.0,100.0,100.0,0.0,0.0,0.0,100.0,0.0,0.0,0.0,alps_north
2283,634340,207350,294,295,Rhine,Aare,2283,0.6,100.0,0.0,0.0,0.0,0.0,0.0,100.0,100.0,100.0,100.0,100.0,0.0,0.0,0.0,100.0,0.0,0.0,0.0,alps_north
2288,689145,281975,10,157,Rhine,Rhein,2288,397.6,47.78,30.37,20.06,1.35,0.44,0.0,100.0,100.0,56.17,55.69,99.25,0.76,1.27,39.82,19.96,0.0,0.12,38.07,plateau
2289,613400,267650,4,411,Rhine,Rhein,2289,204.2,77.49,14.89,6.65,0.45,0.15,0.37,99.98,99.98,81.79,81.59,99.66,9.4,5.02,38.95,33.43,0.0,0.09,13.12,plateau
2290,532980,195880,226,227,Rhine,Aare,2290,104.1,93.92,0.0,0.0,0.0,0.0,6.08,99.94,99.94,99.94,99.94,99.94,100.0,0.0,0.0,0.0,0.0,0.0,0.0,Jura
2299,688560,185120,347,348,Rhine,Reuss,2299,20.7,100.0,0.0,0.0,0.0,0.0,0.0,100.0,100.0,100.0,100.0,100.0,0.0,0.0,0.0,100.0,0.0,0.0,0.0,alps_north
2300,704425,215310,376,377,Rhine,Limmat,2300,59.1,100.0,0.0,0.0,0.0,0.0,0.0,98.09,98.09,98.09,98.09,98.09,0.0,0.0,0.0,100.0,0.0,0.0,0.0,alps_north
2303,723675,252720,165,170,Rhine,Rhein,2303,401.6,100.0,0.0,0.0,0.0,0.0,0.0,99.81,99.81,99.81,99.81,99.81,0.0,0.0,4.57,95.43,0.0,0.0,0.0,alps_north
2304,810560,170790,447,448,Inn,Inn,2304,55.3,100.0,0.0,0.0,0.0,0.0,0.0,95.92,95.92,95.92,95.92,97.73,0.0,0.0,0.0,0.0,0.0,0.0,100.0,alps_east
2305,737270,251290,171,172,Rhine,Rhein,2305,16.7,100.0,0.0,0.0,0.0,0.0,0.0,95.68,95.68,95.68,95.68,95.68,0.0,0.0,0.0,100.0,0.0,0.0,0.0,alps_north
2307,579810,227350,232,233,Rhine,Aare,2307,127.2,100.0,0.0,0.0,0.0,0.0,0.0,100.0,100.0,100.0,100.0,100.0,100.0,0.0,0.0,0.0,0.0,0.0,0.0,Jura
2308,753190,261590,146,147,Rhine,Rhein,2308,50.4,100.0,0.0,0.0,0.0,0.0,0.0,99.2,99.2,99.2,99.2,99.2,0.0,0.0,100.0,0.0,0.0,0.0,0.0,plateau
2309,752895,261830,148,149,Rhine,Rhein,2309,0.6,100.0,0.0,0.0,0.0,0.0,0.0,100.0,100.0,100.0,100.0,100.0,0.0,0.0,100.0,0.0,0.0,0.0,0.0,plateau
2312,744410,268400,141,142,Rhine,Rhein,2312,47.4,100.0,0.0,0.0,0.0,0.0,0.0,94.97,94.97,94.97,94.97,94.97,0.0,0.0,100.0,0.0,0.0,0.0,0.0,plateau
2319,804930,174830,449,450,Inn,Inn,2319,26.9,99.96,0.0,0.0,0.0,0.04,0.0,100.0,100.0,100.0,100.0,100.0,0.0,0.0,0.0,0.0,0.0,0.0,100.0,alps_east
2321,718010,97380,480,481,Po,Ticino,2321,75.8,99.97,0.0,0.0,0.0,0.03,0.0,100.0,100.0,100.0,100.0,100.0,0.0,0.0,0.0,0.0,0.0,100.0,0.0,alps_south
2327,786220,183370,68,69,Rhine,Rhein,2327,42.9,100.0,0.0,0.0,0.0,0.0,0.0,100.0,100.0,100.0,100.0,100.0,0.0,0.0,0.0,0.0,0.0,0.0,100.0,alps_east
2342,642220,129630,586,587,Rhone,Rhone,2342,76.5,99.99,0.0,0.0,0.0,0.01,0.0,100.0,100.0,100.0,100.0,100.0,0.0,0.0,0.0,0.0,99.99,0.01,0.0,alps_west
2343,629560,219135,300,301,Rhine,Aare,2343,59.9,100.0,0.0,0.0,0.0,0.0,0.0,100.0,100.0,100.0,100.0,100.0,0.0,0.0,100.0,0.0,0.0,0.0,0.0,plateau
2346,641340,129700,577,590,Rhone,Rhone,2346,419.8,99.99,0.0,0.0,0.0,0.01,0.0,100.0,100.0,100.0,100.0,100.0,0.0,0.0,0.0,0.0,99.99,0.01,0.0,alps_west
2347,733545,118160,504,505,Po,Ticino,2347,8.1,99.9,0.0,0.0,0.0,0.1,0.0,86.17,86.17,86.17,86.17,86.17,0.0,0.0,0.0,0.0,0.0,100.0,0.0,alps_south
2349,722315,78320,644,645,Po,Adda,2349,47.1,67.76,0.0,0.0,0.0,32.24,0.0,99.79,99.79,99.79,97.66,99.79,0.0,0.0,0.0,0.0,0.0,100.0,0.0,alps_south
2351,634030,125900,591,592,Rhone,Rhone,2351,785.8,99.97,0.0,0.0,0.0,0.03,0.0,100.0,100.0,100.0,100.0,100.0,0.0,0.0,0.0,0.0,100.0,0.0,0.0,alps_west
2352,718285,197310,381,382,Rhine,Limmat,2352,146.9,100.0,0.0,0.0,0.0,0.0,0.0,98.72,98.72,98.72,98.72,98.72,0.0,0.0,0.0,99.99,0.0,0.0,0.01,alps_north
2355,779640,181200,67,70,Rhine,Rhein,2355,140.8,100.0,0.0,0.0,0.0,0.0,0.0,99.09,99.09,99.09,99.09,99.09,0.0,0.0,0.0,0.0,0.0,0.0,100.0,alps_east
2356,684970,135960,493,494,Po,Ticino,2356,23.9,99.96,0.0,0.0,0.0,0.04,0.0,100.0,100.0,100.0,100.0,100.0,0.0,0.0,0.0,0.0,0.0,100.0,0.0,alps_south
2364,694610,152450,512,513,Po,Ticino,2364,158.9,99.97,0.0,0.0,0.0,0.03,0.0,100.0,100.0,100.0,100.0,100.0,0.0,0.0,0.0,0.0,0.0,100.0,0.0,alps_south
2366,802120,142010,649,650,Po,Adda,2366,14.1,99.96,0.0,0.0,0.0,0.04,0.0,99.36,99.36,99.36,99.36,99.36,0.0,0.0,0.0,0.0,0.0,99.97,0.03,alps_south
2368,703100,113860,491,496,Po,Ticino,2368,613.3,81.12,0.0,0.0,0.0,18.88,0.0,89.36,99.48,89.36,88.93,99.48,0.0,0.0,0.0,0.0,0.0,100.0,0.0,alps_south
2369,545440,180875,229,230,Rhine,Aare,2369,105.3,100.0,0.0,0.0,0.0,0.0,0.0,100.0,100.0,100.0,100.0,100.0,0.0,0.0,100.0,0.0,0.0,0.0,0.0,plateau
2370,561430,231050,524,553,Rhone,Rhone,2370,48.2,18.68,0.0,0.0,0.0,0.0,81.32,45.57,100.0,45.57,43.37,100.0,100.0,0.0,0.0,0.0,0.0,0.0,0.0,Jura
2371,501445,156305,205,208,Rhine,Aare,2371,20.7,46.27,0.0,0.0,0.0,0.0,53.73,98.15,98.15,98.15,98.15,98.15,100.0,0.0,0.0,0.0,0.0,0.0,0.0,Jura
2372,723985,217965,380,383,Rhine,Limmat,2372,453.3,100.0,0.0,0.0,0.0,0.0,0.0,99.96,99.96,99.96,99.96,99.96,0.0,0.0,0.0,100.0,0.0,0.0,0.0,alps_north
2374,727110,247290,166,167,Rhine,Rhein,2374,88.1,100.0,0.0,0.0,0.0,0.0,0.0,96.48,96.48,96.48,96.48,96.48,0.0,0.0,0.0,100.0,0.0,0.0,0.0,alps_north
2378,530080,175560,203,212,Rhine,Aare,2378,103.0,74.26,0.0,0.0,0.0,0.0,25.74,100.0,100.0,100.0,100.0,100.0,100.0,0.0,0.0,0.0,0.0,0.0,0.0,Jura
2386,709540,269660,160,163,Rhine,Rhein,2386,133.1,100.0,0.0,0.0,0.0,0.0,0.0,100.0,100.0,100.0,100.0,100.0,0.0,0.0,98.16,1.84,0.0,0.0,0.0,plateau
2387,753570,175730,63,74,Rhine,Rhein,2387,681.6,96.69,0.0,0.0,0.0,3.31,0.0,100.0,100.0,99.82,99.56,100.0,0.0,0.0,0.0,0.0,0.0,0.0,100.0,alps_east
2392,687420,277140,9,158,Rhine,Rhein,2392,20.3,47.85,30.34,20.03,1.34,0.44,0.0,100.0,100.0,56.22,55.74,99.23,0.76,1.27,39.91,19.92,0.0,0.12,38.01,plateau
2403,797700,168170,425,444,Inn,Inn,2403,117.5,99.97,0.0,0.0,0.0,0.03,0.0,99.8,99.8,99.8,99.8,99.8,0.0,0.0,0.0,0.0,0.0,0.0,100.0,alps_east
2409,627910,191180,289,290,Rhine,Aare,2409,124.4,100.0,0.0,0.0,0.0,0.0,0.0,100.0,100.0,100.0,100.0,100.0,0.0,0.0,0.0,100.0,0.0,0.0,0.0,alps_north
2410,757750,234590,58,59,Rhine,Rhein,2410,114.5,11.83,0.0,5.67,82.5,0.0,0.0,97.85,97.85,97.85,97.85,98.72,0.0,0.0,0.0,88.47,0.0,0.0,11.53,alps_north
2412,572420,167540,272,273,Rhine,Aare,2412,43.4,100.0,0.0,0.0,0.0,0.0,0.0,100.0,100.0,100.0,100.0,100.0,0.0,0.0,0.01,99.99,0.0,0.0,0.0,alps_north
2414,718840,248440,168,169,Rhine,Rhein,2414,3.2,100.0,0.0,0.0,0.0,0.0,0.0,94.13,94.13,94.13,94.13,94.13,0.0,0.0,0.01,99.99,0.0,0.0,0.0,alps_north
2415,678040,269720,181,186,Rhine,Rhein,2415,253.4,100.0,0.0,0.0,0.0,0.0,0.0,100.0,100.0,100.0,100.0,100.0,0.0,0.0,100.0,0.0,0.0,0.0,0.0,plateau
2416,661390,230220,314,317,Rhine,Aare,2416,0.1,100.0,0.0,0.0,0.0,0.0,0.0,100.0,100.0,100.0,100.0,100.0,0.0,0.0,100.0,0.0,0.0,0.0,0.0,plateau
2417,651320,223140,304,309,Rhine,Aare,2417,0.3,100.0,0.0,0.0,0.0,0.0,0.0,100.0,100.0,100.0,100.0,100.0,0.0,0.0,100.0,0.0,0.0,0.0,0.0,plateau
2418,763570,169910,64,65,Rhine,Rhein,2418,324.7,100.0,0.0,0.0,0.0,0.0,0.0,100.0,100.0,100.0,100.0,100.0,0.0,0.0,0.0,0.0,0.0,0.0,100.0,alps_east
2419,661910,146780,578,585,Rhone,Rhone,2419,120.9,99.99,0.0,0.0,0.0,0.01,0.0,99.42,99.42,99.42,99.42,99.42,0.0,0.0,0.0,0.0,99.99,0.01,0.0,alps_west
2420,724765,120360,503,508,Po,Ticino,2420,343.2,99.45,0.0,0.0,0.0,0.55,0.0,100.0,100.0,100.0,100.0,100.0,0.0,0.0,0.0,0.0,0.0,93.99,6.01,alps_south
2426,750410,212510,384,385,Rhine,Limmat,2426,106.1,100.0,0.0,0.0,0.0,0.0,0.0,98.99,98.99,98.99,98.99,98.99,0.0,0.0,0.0,99.99,0.0,0.0,0.01,alps_north
2430,718810,167690,76,77,Rhine,Rhein,2430,21.8,100.0,0.0,0.0,0.0,0.0,0.0,87.33,87.33,87.33,87.33,87.33,0.0,0.0,0.0,0.0,0.0,0.01,99.99,alps_east
2432,532040,154160,608,609,Rhone,Rhone,2432,227.6,100.0,0.0,0.0,0.0,0.0,0.0,98.85,98.85,98.85,98.85,98.85,43.3,0.0,56.7,0.0,0.0,0.0,0.0,plateau
2433,520720,147410,606,607,Rhone,Rhone,2433,105.3,100.0,0.0,0.0,0.0,0.0,0.0,99.69,99.69,99.69,99.69,99.69,75.01,0.0,24.99,0.0,0.0,0.0,0.0,Jura
2434,634330,244480,318,319,Rhine,Aare,2434,233.8,100.0,0.0,0.0,0.0,0.0,0.0,97.95,97.95,97.95,97.95,97.95,79.44,0.0,20.56,0.0,0.0,0.0,0.0,Jura
2436,663800,199570,339,340,Rhine,Reuss,2436,21.6,100.0,0.0,0.0,0.0,0.0,0.0,100.0,100.0,100.0,100.0,100.0,0.0,0.0,0.0,100.0,0.0,0.0,0.0,alps_north
2437,552060,161650,220,221,Rhine,Aare,2437,6.9,100.0,0.0,0.0,0.0,0.0,0.0,100.0,100.0,100.0,100.0,100.0,0.0,0.0,100.0,0.0,0.0,0.0,0.0,plateau
2446,569250,207860,202,231,Rhine,Aare,2446,16.5,95.74,0.0,0.0,0.0,0.0,4.26,99.8,99.8,99.8,99.8,99.65,42.86,0.0,56.18,0.96,0.0,0.0,0.0,plateau
2447,575340,201450,217,224,Rhine,Aare,2447,0.7,100.0,0.0,0.0,0.0,0.0,0.0,99.81,99.81,99.81,99.81,99.81,0.0,0.0,96.39,3.61,0.0,0.0,0.0,plateau
2450,637580,237080,310,313,Rhine,Aare,2450,261.5,100.0,0.0,0.0,0.0,0.0,0.0,100.0,100.0,100.0,100.0,100.0,0.0,0.0,86.01,13.99,0.0,0.0,0.0,plateau
2457,633730,171510,240,249,Rhine,Aare,2457,0.2,100.0,0.0,0.0,0.0,0.0,0.0,99.34,99.34,99.34,99.34,99.34,0.0,0.0,0.0,100.0,0.0,0.0,0.0,alps_north
2458,559370,206810,214,215,Rhine,Aare,2458,112.3,100.0,0.0,0.0,0.0,0.0,0.0,98.83,98.83,98.83,98.83,98.83,100.0,0.0,0.0,0.0,0.0,0.0,0.0,Jura
2461,711620,93290,487,488,Po,Ticino,2461,34.4,100.0,0.0,0.0,0.0,0.0,0.0,100.0,100.0,100.0,100.0,100.0,0.0,0.0,0.0,0.0,0.0,100.0,0.0,alps_south
2462,795800,165910,426,443,Inn,Inn,2462,193.0,99.97,0.0,0.0,0.0,0.03,0.0,100.0,100.0,100.0,100.0,100.0,0.0,0.0,0.0,0.0,0.0,0.0,100.0,alps_east
2463,714340,96590,484,485,Po,Ticino,2463,5.4,100.0,0.0,0.0,0.0,0.0,0.0,100.0,100.0,100.0,100.0,100.0,0.0,0.0,0.0,0.0,0.0,100.0,0.0,alps_south
2467,585100,199240,263,278,Rhine,Aare,2467,19.5,100.0,0.0,0.0,0.0,0.0,0.0,100.0,100.0,100.0,100.0,100.0,0.0,0.0,36.31,63.69,0.0,0.0,0.0,alps_north
2468,742540,253230,173,176,Rhine,Rhein,2468,186.6,100.0,0.0,0.0,0.0,0.0,0.0,100.0,100.0,100.0,100.0,100.0,0.0,0.0,0.0,100.0,0.0,0.0,0.0,alps_north
2469,617790,168400,251,254,Rhine,Aare,2469,461.9,100.0,0.0,0.0,0.0,0.0,0.0,100.0,100.0,100.0,100.0,100.0,0.0,0.0,0.0,100.0,0.0,0.0,0.0,alps_north
2471,629340,233555,299,302,Rhine,Aare,2471,123.4,100.0,0.0,0.0,0.0,0.0,0.0,99.8,99.8,99.8,99.8,99.8,0.0,0.0,100.0,0.0,0.0,0.0,0.0,plateau
2473,766280,250360,35,90,Rhine,Rhein,2473,83.3,74.43,0.0,22.2,2.54,0.83,0.0,100.0,100.0,82.67,82.18,100.0,0.0,0.0,0.03,27.91,0.0,0.22,71.84,alps_east
2474,729440,127180,506,507,Po,Ticino,2474,120.5,100.0,0.0,0.0,0.0,0.0,0.0,99.56,99.56,99.56,99.56,99.56,0.0,0.0,0.0,0.0,0.0,100.0,0.0,alps_south
2475,690040,132550,492,495,Po,Ticino,2475,291.6,99.99,0.0,0.0,0.0,0.01,0.0,99.2,99.2,99.2,99.2,99.2,0.0,0.0,0.0,0.0,0.0,100.0,0.0,alps_south
2477,680600,226070,327,330,Rhine,Reuss,2477,52.1,100.0,0.0,0.0,0.0,0.0,0.0,100.0,100.0,100.0,100.0,100.0,0.0,0.0,51.99,48.01,0.0,0.0,0.0,plateau
2478,596780,249070,400,407,Rhine,Rhein,2478,97.1,100.0,0.0,0.0,0.0,0.0,0.0,99.04,99.04,99.04,99.04,98.86,100.0,0.0,0.0,0.0,0.0,0.0,0.0,Jura
2480,554350,199940,225,228,Rhine,Aare,2480,273.6,92.92,0.0,0.0,0.0,0.0,7.08,99.82,99.82,99.82,99.82,99.82,100.0,0.0,0.0,0.0,0.0,0.0,0.0,Jura
2481,673555,202870,353,354,Rhine,Reuss,2481,228.0,100.0,0.0,0.0,0.0,0.0,0.0,100.0,100.0,100.0,100.0,100.0,0.0,0.0,0.0,100.0,0.0,0.0,0.0,alps_north
2484,688020,209530,336,337,Rhine,Reuss,2484,72.4,100.0,0.0,0.0,0.0,0.0,0.0,100.0,100.0,100.0,100.0,100.0,0.0,0.0,0.0,100.0,0.0,0.0,0.0,alps_north
2485,567830,261200,654,655,Rhone,Rhone,2485,212.0,95.7,0.0,0.0,0.0,0.0,4.3,99.05,99.05,99.05,99.05,99.05,84.11,3.43,12.47,0.0,0.0,0.0,0.0,Jura
2486,554675,146565,612,613,Rhone,Rhone,2486,64.5,100.0,0.0,0.0,0.0,0.0,0.0,97.75,97.75,97.75,97.75,97.75,0.0,0.0,0.01,99.99,0.0,0.0,0.0,alps_north
2487,647870,209510,362,363,Rhine,Reuss,2487,311.5,100.0,0.0,0.0,0.0,0.0,0.0,99.85,99.85,99.85,99.85,100.0,0.0,0.0,0.0,100.0,0.0,0.0,0.0,alps_north
2488,610680,167840,255,260,Rhine,Aare,2488,219.5,100.0,0.0,0.0,0.0,0.0,0.0,98.19,98.19,98.19,98.19,98.19,0.0,0.0,0.0,100.0,0.0,0.0,0.0,alps_north
2490,488880,119460,634,639,Rhone,Rhone,2490,80.4,3.05,0.0,0.0,0.0,0.0,96.95,38.53,99.68,38.53,36.85,99.68,61.18,0.0,38.82,0.0,0.0,0.0,0.0,Jura
2491,692480,191800,345,346,Rhine,Reuss,2491,107.9,100.0,0.0,0.0,0.0,0.0,0.0,100.0,100.0,100.0,100.0,100.0,0.0,0.0,0.0,100.0,0.0,0.0,0.0,alps_north
2493,510080,140080,610,611,Rhone,Rhone,2493,119.8,100.0,0.0,0.0,0.0,0.0,0.0,100.0,100.0,100.0,100.0,100.0,88.61,0.0,11.39,0.0,0.0,0.0,0.0,Jura
2494,716120,135330,511,514,Po,Ticino,2494,284.9,99.99,0.0,0.0,0.0,0.01,0.0,100.0,100.0,100.0,100.0,100.0,0.0,0.0,0.0,0.0,0.0,100.0,0.0,alps_south
2497,640560,226740,311,312,Rhine,Aare,2497,104.7,100.0,0.0,0.0,0.0,0.0,0.0,98.39,98.39,98.39,98.39,98.39,0.0,0.0,68.66,31.34,0.0,0.0,0.0,plateau
2498,735329,181796,79,80,Rhine,Rhein,2498,380.9,100.0,0.0,0.0,0.0,0.0,0.0,100.0,100.0,100.0,100.0,100.0,0.0,0.0,0.0,0.0,0.0,0.0,100.0,alps_east
2500,603005,202455,279,280,Rhine,Aare,2500,67.1,100.0,0.0,0.0,0.0,0.0,0.0,99.92,99.92,99.92,99.92,99.92,0.0,0.0,100.0,0.0,0.0,0.0,0.0,plateau
2602,753890,189370,62,81,Rhine,Rhein,2602,496.8,98.38,0.0,0.0,0.0,1.62,0.0,100.0,100.0,99.89,99.76,100.0,0.0,0.0,0.0,0.0,0.0,0.43,99.57,alps_east
2603,627320,198600,291,292,Rhine,Aare,2603,187.4,100.0,0.0,0.0,0.0,0.0,0.0,96.56,96.56,96.56,96.56,96.56,0.0,0.0,0.0,100.0,0.0,0.0,0.0,alps_north
2604,697240,223280,370,371,Rhine,Limmat,2604,31.9,100.0,0.0,0.0,0.0,0.0,0.0,87.74,87.74,87.74,87.74,87.74,0.0,0.0,0.0,100.0,0.0,0.0,0.0,alps_north
2605,708420,122920,497,500,Po,Ticino,2605,140.6,100.0,0.0,0.0,0.0,0.0,0.0,99.39,99.39,99.39,99.39,99.39,0.0,0.0,0.0,0.0,0.0,100.0,0.0,alps_south
2606,499890,117850,558,615,Rhone,Rhone,2606,1.7,84.71,0.0,0.0,0.0,0.01,15.28,90.73,100.0,90.73,90.61,99.92,4.5,0.0,17.14,10.61,67.76,0.0,0.0,alps_west
2607,670467,153932,580,581,Rhone,Rhone,2607,38.6,100.0,0.0,0.0,0.0,0.0,0.0,99.66,99.66,99.66,99.66,99.66,0.0,0.0,0.0,0.0,99.99,0.01,0.0,alps_west
2608,658530,218290,307,308,Rhine,Aare,2608,10.4,100.0,0.0,0.0,0.0,0.0,0.0,100.0,100.0,100.0,100.0,100.0,0.0,0.0,100.0,0.0,0.0,0.0,0.0,plateau
2609,698640,223020,374,375,Rhine,Limmat,2609,46.7,100.0,0.0,0.0,0.0,0.0,0.0,100.0,100.0,100.0,100.0,100.0,0.0,0.0,0.0,100.0,0.0,0.0,0.0,alps_north
2610,599485,244150,403,404,Rhine,Rhein,2610,72.7,100.0,0.0,0.0,0.0,0.0,0.0,97.67,97.67,97.67,97.67,97.67,100.0,0.0,0.0,0.0,0.0,0.0,0.0,Jura
2612,708060,123950,498,499,Po,Ticino,2612,44.5,100.0,0.0,0.0,0.0,0.0,0.0,100.0,100.0,100.0,100.0,100.0,0.0,0.0,0.0,0.0,0.0,100.0,0.0,alps_south
2613,611740,272310,2,419,Rhine,Rhein,2613,24.0,76.56,15.87,6.55,0.44,0.14,0.44,99.98,99.98,80.94,80.74,99.68,9.33,6.22,38.55,32.9,0.0,0.09,12.91,plateau
2615,611140,267900,3,412,Rhine,Rhein,2615,93.9,77.49,14.85,6.63,0.45,0.15,0.43,99.98,99.98,81.84,81.64,99.66,9.45,5.06,38.98,33.34,0.0,0.09,13.08,plateau
2617,830800,168700,646,647,Po,Adige,2617,128.6,99.87,0.0,0.0,0.0,0.13,0.0,100.0,100.0,100.0,100.0,100.0,0.0,0.0,0.0,0.0,0.0,0.0,100.0,alps_east
2620,760770,133450,656,657,Po,Adda,2620,177.4,99.94,0.0,0.0,0.0,0.06,0.0,99.23,99.23,99.23,99.23,99.23,0.0,0.0,0.0,0.0,0.0,100.0,0.0,alps_south
2623,669900,154075,579,584,Rhone,Rhone,2623,15.3,100.0,0.0,0.0,0.0,0.0,0.0,98.46,98.46,98.46,98.46,98.46,0.0,0.0,0.0,0.0,99.99,0.0,0.0,alps_west
2629,714110,95680,483,486,Po,Ticino,2629,99.9,100.0,0.0,0.0,0.0,0.0,0.0,100.0,100.0,100.0,100.0,100.0,0.0,0.0,0.0,0.0,0.0,100.0,0.0,alps_south
2630,594400,119900,593,594,Rhone,Rhone,2630,27.6,100.0,0.0,0.0,0.0,0.0,0.0,100.0,100.0,100.0,100.0,100.0,0.0,0.0,0.0,0.0,100.0,0.0,0.0,alps_west
2631,733706,153945,72,73,Rhine,Rhein,2631,41.5,100.0,0.0,0.0,0.0,0.0,0.0,98.74,98.74,98.74,98.74,98.74,0.0,0.0,0.0,0.0,0.0,0.01,99.99,alps_east
2634,663700,213630,361,364,Rhine,Reuss,2634,166.8,100.0,0.0,0.0,0.0,0.0,0.0,100.0,100.0,100.0,100.0,100.0,0.0,0.0,14.95,85.05,0.0,0.0,0.0,alps_north
2635,700710,218125,372,373,Rhine,Limmat,2635,8.9,100.0,0.0,0.0,0.0,0.0,0.0,100.0,100.0,100.0,100.0,100.0,0.0,0.0,0.0,100.0,0.0,0.0,0.0,alps_north
2640,593380,245940,401,402,Rhine,Rhein,2640,213.9,100.0,0.0,0.0,0.0,0.0,0.0,96.76,96.76,96.76,96.76,96.76,100.0,0.0,0.0,0.0,0.0,0.0,0.0,Jura
2642,562913,205165,213,216,Rhine,Aare,2642,1027.5,95.71,0.0,0.0,0.0,0.0,4.29,99.82,99.82,99.82,99.82,99.66,43.13,0.0,55.91,0.96,0.0,0.0,0.0,plateau
2644,786049,154253,431,440,Inn,Inn,2644,5.0,99.95,0.0,0.0,0.0,0.05,0.0,100.0,100.0,100.0,100.0,100.0,0.0,0.0,0.0,0.0,0.0,0.0,100.0,alps_east
3001,758505,237839,55,84,Rhine,Rhein,3001,431.5,96.65,0.0,0.14,2.09,1.12,0.0,100.0,100.0,99.92,99.84,100.0,0.0,0.0,0.0,2.47,0.0,0.3,97.23,alps_east
3002,761862,241627,86,89,Rhine,Rhein,3002,13.9,0.0,0.0,100.0,0.0,0.0,0.0,100.0,100.0,25.59,15.35,100.0,0.0,0.0,0.0,100.0,0.0,0.0,0.0,alps_north
3003,761970,236592,39,54,Rhine,Rhein,3003,76.2,0.04,0.0,95.92,4.04,0.0,0.0,100.0,100.0,25.56,23.84,100.0,0.0,0.0,0.0,99.98,0.0,0.0,0.02,alps_north
3004,762960,239064,87,88,Rhine,Rhein,3004,25.2,0.0,0.0,100.0,0.0,0.0,0.0,99.31,99.31,7.42,1.69,99.31,0.0,0.0,0.0,100.0,0.0,0.0,0.0,alps_north
3005,764826,230699,40,41,Rhine,Rhein,3005,68.7,0.05,0.0,28.61,71.34,0.0,0.0,100.0,100.0,100.0,100.0,100.0,0.0,0.0,0.0,99.99,0.0,0.0,0.01,alps_north
3006,767612,257874,34,91,Rhine,Rhein,3006,2.0,74.43,0.0,22.2,2.54,0.83,0.0,100.0,100.0,82.69,82.2,100.0,0.0,0.0,0.06,27.9,0.0,0.22,71.82,alps_east
3007,769017,259147,126,133,Rhine,Rhein,3007,5.2,0.0,0.0,100.0,0.0,0.0,0.0,99.06,99.06,21.45,16.85,99.06,0.0,0.0,45.37,54.63,0.0,0.0,0.0,alps_north
3008,769100,249106,135,136,Rhine,Rhein,3008,8.2,0.0,0.0,100.0,0.0,0.0,0.0,97.55,97.55,24.39,7.15,97.55,0.0,0.0,9.4,90.6,0.0,0.0,0.0,alps_north
3009,769630,229979,42,53,Rhine,Rhein,3009,364.7,0.04,0.0,99.72,0.24,0.0,0.0,100.0,100.0,21.07,19.75,100.0,0.0,0.0,0.0,99.98,0.0,0.0,0.02,alps_north
3010,770292,256198,134,137,Rhine,Rhein,3010,69.3,0.0,0.0,100.0,0.0,0.0,0.0,94.14,94.14,52.87,42.56,94.14,0.0,0.0,47.24,52.76,0.0,0.0,0.0,alps_north
3011,770558,257676,127,132,Rhine,Rhein,3011,42.2,0.0,0.0,100.0,0.0,0.0,0.0,100.0,100.0,0.0,0.0,100.0,0.0,0.0,41.57,58.43,0.0,0.0,0.0,alps_north
3012,772968,267685,124,125,Rhine,Rhein,3012,105.4,0.0,74.07,25.93,0.0,0.0,0.0,100.0,100.0,0.0,0.0,100.0,0.0,0.0,100.0,0.0,0.0,0.0,0.0,plateau
3013,773328,236532,36,37,Rhine,Rhein,3013,33.1,0.0,0.0,100.0,0.0,0.0,0.0,100.0,100.0,0.0,0.0,100.0,0.0,0.0,0.0,100.0,0.0,0.0,0.0,alps_north
3014,773575,267444,138,139,Rhine,Rhein,3014,7.2,0.0,0.0,100.0,0.0,0.0,0.0,83.2,83.2,0.0,0.0,83.2,0.0,0.0,100.0,0.0,0.0,0.0,0.0,plateau
3015,774883,257621,128,129,Rhine,Rhein,3015,17.6,0.0,0.0,100.0,0.0,0.0,0.0,100.0,100.0,0.0,0.0,100.0,0.0,0.0,90.98,9.02,0.0,0.0,0.0,plateau
3016,775345,252188,130,131,Rhine,Rhein,3016,53.3,0.0,0.0,100.0,0.0,0.0,0.0,100.0,100.0,0.0,0.0,100.0,0.0,0.0,0.0,100.0,0.0,0.0,0.0,alps_north
3017,776102,261003,12,33,Rhine,Rhein,3017,267.7,0.0,26.09,73.91,0.0,0.0,0.0,99.94,99.94,0.0,0.0,99.94,0.0,0.0,43.27,56.73,0.0,0.0,0.0,alps_north
3018,779268,224901,45,46,Rhine,Rhein,3018,72.6,0.07,0.0,99.93,0.0,0.0,0.0,100.0,100.0,41.34,41.34,100.0,0.0,0.0,0.0,99.97,0.0,0.0,0.03,alps_north
3019,782652,222860,47,50,Rhine,Rhein,3019,434.1,0.06,0.0,99.94,0.0,0.0,0.0,100.0,100.0,30.97,28.92,100.0,0.0,0.0,0.0,99.95,0.0,0.0,0.05,alps_north
3020,783405,267018,21,22,Rhine,Rhein,3020,83.2,0.0,78.81,21.19,0.0,0.0,0.0,98.58,98.58,0.0,0.0,98.58,0.0,0.0,100.0,0.0,0.0,0.0,0.0,plateau
3021,784510,247740,25,30,Rhine,Rhein,3021,80.3,0.0,0.0,100.0,0.0,0.0,0.0,100.0,100.0,0.0,0.0,100.0,0.0,0.0,0.0,100.0,0.0,0.0,0.0,alps_north
3022,784554,233509,43,44,Rhine,Rhein,3022,95.4,0.0,0.0,100.0,0.0,0.0,0.0,99.55,99.55,0.0,0.0,99.55,0.0,0.0,0.0,100.0,0.0,0.0,0.0,alps_north
3023,785465,249411,31,32,Rhine,Rhein,3023,14.3,0.0,0.0,100.0,0.0,0.0,0.0,100.0,100.0,0.0,0.0,100.0,0.0,0.0,0.0,100.0,0.0,0.0,0.0,alps_north
3024,786782,264220,13,20,Rhine,Rhein,3024,58.9,0.0,62.52,37.48,0.0,0.0,0.0,99.84,99.84,0.0,0.0,99.84,0.0,0.0,81.01,18.99,0.0,0.0,0.0,plateau
3025,787930,217330,48,49,Rhine,Rhein,3025,101.9,0.0,0.0,100.0,0.0,0.0,0.0,99.15,99.15,0.0,0.0,99.15,0.0,0.0,0.0,100.0,0.0,0.0,0.0,alps_north
3026,790369,259948,16,19,Rhine,Rhein,3026,66.2,0.0,54.34,45.66,0.0,0.0,0.0,98.88,98.88,0.0,0.0,98.88,0.0,0.0,52.98,47.02,0.0,0.0,0.0,plateau
3027,791574,244958,26,29,Rhine,Rhein,3027,106.5,0.0,0.0,100.0,0.0,0.0,0.0,100.0,100.0,0.0,0.0,100.0,0.0,0.0,0.0,100.0,0.0,0.0,0.0,alps_north
3028,794634,260963,17,18,Rhine,Rhein,3028,14.7,0.0,65.1,34.9,0.0,0.0,0.0,100.0,100.0,0.0,0.0,100.0,0.0,0.0,100.0,0.0,0.0,0.0,0.0,plateau
3029,796455,251598,23,24,Rhine,Rhein,3029,30.5,0.0,8.02,91.98,0.0,0.0,0.0,91.86,91.86,0.0,0.0,91.86,0.0,0.0,0.0,100.0,0.0,0.0,0.0,alps_north
3030,797333,240452,27,28,Rhine,Rhein,3030,40.7,0.0,0.0,100.0,0.0,0.0,0.0,100.0,100.0,0.0,0.0,100.0,0.0,0.0,0.0,100.0,0.0,0.0,0.0,alps_north
3031,798898,222956,51,52,Rhine,Rhein,3031,65.7,0.0,0.0,100.0,0.0,0.0,0.0,98.91,98.91,0.0,0.0,98.91,0.0,0.0,0.0,100.0,0.0,0.0,0.0,alps_north
3032,832172,202849,421,422,Inn,Inn,3032,108.0,75.93,0.0,24.07,0.0,0.0,0.0,99.99,99.99,99.99,99.99,99.99,0.0,0.0,0.0,0.0,0.0,0.0,100.0,alps_east
3033,833770,204533,420,453,Inn,Inn,3033,106.5,83.08,0.0,4.78,0.0,12.14,0.0,100.0,100.0,92.47,91.78,100.0,0.0,0.0,0.0,0.0,0.0,0.0,100.0,alps_east
4001,626716,285346,414,415,Rhine,Rhein,4001,70.0,0.0,100.0,0.0,0.0,0.0,0.0,100.0,100.0,0.0,0.0,100.0,0.0,100.0,0.0,0.0,0.0,0.0,0.0,black_forest
4002,630536,283286,416,417,Rhine,Rhein,4002,206.7,0.0,100.0,0.0,0.0,0.0,0.0,99.16,99.16,0.0,0.0,99.16,0.0,100.0,0.0,0.0,0.0,0.0,0.0,black_forest
4003,656284,308578,190,191,Rhine,Rhein,4003,47.3,0.0,100.0,0.0,0.0,0.0,0.0,93.09,93.09,0.0,0.0,78.28,0.0,100.0,0.0,0.0,0.0,0.0,0.0,black_forest
4004,666672,275112,188,193,Rhine,Rhein,4004,287.9,7.47,92.53,0.0,0.0,0.0,0.0,100.0,100.0,23.02,21.59,98.89,4.79,92.14,3.07,0.0,0.0,0.0,0.0,black_forest
4005,667878,289182,194,195,Rhine,Rhein,4005,50.4,0.0,100.0,0.0,0.0,0.0,0.0,95.3,95.3,0.0,0.0,95.3,0.0,100.0,0.0,0.0,0.0,0.0,0.0,black_forest
4006,675721,300247,189,192,Rhine,Rhein,4006,294.8,0.0,100.0,0.0,0.0,0.0,0.0,99.09,99.09,0.0,0.0,97.04,0.0,100.0,0.0,0.0,0.0,0.0,0.0,black_forest
4007,703881,293301,152,153,Rhine,Rhein,4007,143.9,0.0,100.0,0.0,0.0,0.0,0.0,100.0,100.0,0.0,0.0,100.0,0.0,72.8,27.2,0.0,0.0,0.0,0.0,black_forest
4008,705034,288406,151,154,Rhine,Rhein,4008,63.2,0.0,100.0,0.0,0.0,0.0,0.0,100.0,100.0,0.37,0.24,100.0,0.0,65.91,34.09,0.0,0.0,0.0,0.0,black_forest
4009,714371,297227,98,99,Rhine,Rhein,4009,214.2,0.0,100.0,0.0,0.0,0.0,0.0,98.95,98.95,0.0,0.0,98.95,0.0,1.11,98.89,0.0,0.0,0.0,0.0,plateau
4010,730246,281133,11,150,Rhine,Rhein,4010,1128.8,49.05,27.16,21.84,1.47,0.48,0.0,100.0,100.0,56.16,55.76,99.18,0.0,0.02,36.67,21.73,0.0,0.13,41.45,alps_east
4011,735389,288185,104,107,Rhine,Rhein,4011,196.6,0.0,100.0,0.0,0.0,0.0,0.0,100.0,100.0,0.0,0.0,100.0,0.0,0.0,100.0,0.0,0.0,0.0,0.0,plateau
4012,740197,290947,105,106,Rhine,Rhein,4012,74.7,0.0,100.0,0.0,0.0,0.0,0.0,100.0,100.0,0.0,0.0,100.0,0.0,0.0,100.0,0.0,0.0,0.0,0.0,plateau
4013,751182,291494,101,102,Rhine,Rhein,4013,67.2,0.0,100.0,0.0,0.0,0.0,0.0,100.0,100.0,0.0,0.0,100.0,0.0,0.0,100.0,0.0,0.0,0.0,0.0,plateau
4014,754561,280746,100,103,Rhine,Rhein,4014,63.1,0.0,100.0,0.0,0.0,0.0,0.0,98.22,98.22,0.0,0.0,98.22,0.0,0.0,100.0,0.0,0.0,0.0,0.0,plateau
4015,757417,282317,92,97,Rhine,Rhein,4015,349.4,0.0,100.0,0.0,0.0,0.0,0.0,99.45,99.45,0.0,0.0,89.04,0.0,0.0,100.0,0.0,0.0,0.0,0.0,plateau
4016,762148,277486,108,121,Rhine,Rhein,4016,216.9,0.0,100.0,0.0,0.0,0.0,0.0,99.86,99.86,0.0,0.0,99.86,0.0,0.0,100.0,0.0,0.0,0.0,0.0,plateau
4017,764716,299791,95,96,Rhine,Rhein,4017,164.1,0.0,100.0,0.0,0.0,0.0,0.0,98.74,98.74,0.0,0.0,98.74,0.0,0.0,100.0,0.0,0.0,0.0,0.0,plateau
4018,767294,308232,93,94,Rhine,Rhein,4018,273.9,0.0,100.0,0.0,0.0,0.0,0.0,100.0,100.0,0.0,0.0,70.1,0.0,0.0,100.0,0.0,0.0,0.0,0.0,plateau
4019,770127,269841,122,123,Rhine,Rhein,4019,29.8,0.0,100.0,0.0,0.0,0.0,0.0,97.39,97.39,0.0,0.0,97.39,0.0,0.0,100.0,0.0,0.0,0.0,0.0,plateau
4020,778611,286497,109,114,Rhine,Rhein,4020,133.6,0.0,100.0,0.0,0.0,0.0,0.0,97.62,97.62,0.0,0.0,97.62,0.0,0.0,100.0,0.0,0.0,0.0,0.0,plateau
4021,782003,283522,115,120,Rhine,Rhein,4021,32.5,0.0,100.0,0.0,0.0,0.0,0.0,100.0,100.0,0.0,0.0,100.0,0.0,0.0,100.0,0.0,0.0,0.0,0.0,plateau
4022,784788,284414,116,117,Rhine,Rhein,4022,29.8,0.0,100.0,0.0,0.0,0.0,0.0,100.0,100.0,0.0,0.0,100.0,0.0,0.0,100.0,0.0,0.0,0.0,0.0,plateau
4023,790192,280672,118,119,Rhine,Rhein,4023,103.3,0.0,100.0,0.0,0.0,0.0,0.0,100.0,100.0,0.0,0.0,100.0,0.0,0.0,100.0,0.0,0.0,0.0,0.0,plateau
4024,793982,268955,14,15,Rhine,Rhein,4024,60.6,0.0,96.9,3.1,0.0,0.0,0.0,100.0,100.0,0.0,0.0,100.0,0.0,0.0,100.0,0.0,0.0,0.0,0.0,plateau
4025,796065,288215,110,113,Rhine,Rhein,4025,64.0,0.0,100.0,0.0,0.0,0.0,0.0,99.43,99.43,0.0,0.0,99.43,0.0,0.0,100.0,0.0,0.0,0.0,0.0,plateau
4026,798807,280563,111,112,Rhine,Rhein,4026,67.8,0.0,100.0,0.0,0.0,0.0,0.0,100.0,100.0,0.0,0.0,100.0,0.0,0.0,100.0,0.0,0.0,0.0,0.0,plateau
5001,490131,121868,635,638,Rhone,Rhone,5001,36.7,0.0,0.0,0.0,0.0,0.0,100.0,17.98,92.44,17.98,17.98,92.44,83.19,0.0,16.81,0.0,0.0,0.0,0.0,Jura
5002,491361,128442,636,637,Rhone,Rhone,5002,2.2,0.0,0.0,0.0,0.0,0.0,100.0,0.0,89.55,0.0,0.0,89.55,100.0,0.0,0.0,0.0,0.0,0.0,0.0,Jura
5003,493958,110794,640,641,Rhone,Rhone,5003,46.6,1.76,0.0,0.0,0.0,0.0,98.24,38.61,98.67,38.61,38.61,98.67,12.89,0.0,87.11,0.0,0.0,0.0,0.0,plateau
5004,497828,152612,206,207,Rhine,Aare,5004,25.2,40.15,0.0,0.0,0.0,0.0,59.85,95.42,95.42,95.42,95.42,95.42,100.0,0.0,0.0,0.0,0.0,0.0,0.0,Jura
5005,504859,184983,530,531,Rhone,Rhone,5005,38.6,0.0,0.0,0.0,0.0,0.0,100.0,0.0,100.0,0.0,0.0,100.0,100.0,0.0,0.0,0.0,0.0,0.0,0.0,Jura
5006,505964,173371,537,538,Rhone,Rhone,5006,2.8,0.0,0.0,0.0,0.0,0.0,100.0,100.0,100.0,100.0,25.42,100.0,100.0,0.0,0.0,0.0,0.0,0.0,0.0,Jura
5007,508961,179290,542,543,Rhone,Rhone,5007,14.9,0.0,0.0,0.0,0.0,0.0,100.0,0.0,100.0,0.0,0.0,100.0,100.0,0.0,0.0,0.0,0.0,0.0,0.0,Jura
5008,509972,113806,617,618,Rhone,Rhone,5008,159.9,0.0,0.0,0.0,0.0,0.0,100.0,6.25,100.0,6.25,3.75,100.0,0.0,0.0,17.44,0.0,82.56,0.0,0.0,alps_west
5009,511504,180814,536,541,Rhone,Rhone,5009,142.6,0.27,0.0,0.0,0.0,0.0,99.73,42.54,99.45,42.54,39.66,99.45,100.0,0.0,0.0,0.0,0.0,0.0,0.0,Jura
5010,514365,179183,539,540,Rhone,Rhone,5010,28.5,0.0,0.0,0.0,0.0,0.0,100.0,31.59,100.0,31.59,28.08,100.0,100.0,0.0,0.0,0.0,0.0,0.0,0.0,Jura
5011,515226,198854,529,532,Rhone,Rhone,5011,143.1,0.0,0.0,0.0,0.0,0.0,100.0,0.0,100.0,0.0,0.0,100.0,100.0,0.0,0.0,0.0,0.0,0.0,0.0,Jura
5012,515781,189193,535,544,Rhone,Rhone,5012,61.5,0.19,0.0,0.0,0.0,0.0,99.81,29.56,98.66,29.56,27.56,98.66,100.0,0.0,0.0,0.0,0.0,0.0,0.0,Jura
5013,516941,197988,533,546,Rhone,Rhone,5013,42.2,5.69,0.0,0.0,0.0,0.0,94.31,38.49,98.8,38.49,33.88,98.8,100.0,0.0,0.0,0.0,0.0,0.0,0.0,Jura
5014,518076,192662,534,545,Rhone,Rhone,5014,97.1,4.96,0.0,0.0,0.0,0.0,95.04,35.4,98.44,35.4,33.1,98.44,100.0,0.0,0.0,0.0,0.0,0.0,0.0,Jura
5015,518579,131551,562,563,Rhone,Rhone,5015,49.8,0.0,0.0,0.0,0.0,0.0,100.0,1.34,98.36,1.34,0.22,98.36,0.0,0.0,59.23,0.0,40.77,0.0,0.0,plateau
5016,519220,176193,210,211,Rhine,Aare,5016,30.5,15.8,0.0,0.0,0.0,0.0,84.2,100.0,100.0,100.0,100.0,100.0,100.0,0.0,0.0,0.0,0.0,0.0,0.0,Jura
5017,520649,87502,623,624,Rhone,Rhone,5017,65.8,0.0,0.0,0.0,0.0,0.0,100.0,0.0,100.0,0.0,0.0,27.37,0.0,0.0,0.0,0.0,100.0,0.0,0.0,alps_west
5018,521260,132505,570,571,Rhone,Rhone,5018,31.5,0.0,0.0,0.0,0.0,0.0,100.0,0.0,100.0,0.0,0.0,100.0,0.0,0.0,26.09,0.0,73.91,0.0,0.0,alps_west
5019,523975,101961,631,632,Rhone,Rhone,5019,27.7,0.0,0.0,0.0,0.0,0.0,100.0,0.0,100.0,0.0,0.0,100.0,0.0,0.0,0.0,0.0,100.0,0.0,0.0,alps_west
5020,525581,109908,620,621,Rhone,Rhone,5020,64.7,0.0,0.0,0.0,0.0,0.0,100.0,0.0,97.42,0.0,0.0,97.42,0.0,0.0,0.0,0.0,100.0,0.0,0.0,alps_west
5021,526829,205992,528,547,Rhone,Rhone,5021,65.4,3.48,0.0,0.0,0.0,0.0,96.52,27.01,99.41,27.01,23.4,99.41,100.0,0.0,0.0,0.0,0.0,0.0,0.0,Jura
5022,527235,107858,619,622,Rhone,Rhone,5022,373.0,0.06,0.0,0.0,0.0,0.0,99.94,12.57,99.63,12.57,9.37,99.63,0.0,0.0,0.0,0.01,99.99,0.0,0.0,alps_west
5023,534356,130883,564,565,Rhone,Rhone,5023,137.1,0.71,0.0,0.0,0.0,0.0,99.29,25.48,100.0,25.48,24.49,100.0,0.0,0.0,0.0,0.69,99.31,0.0,0.0,alps_west
5024,534368,209212,548,549,Rhone,Rhone,5024,26.1,6.0,0.0,0.0,0.0,0.0,94.0,80.58,88.25,80.58,80.58,88.25,100.0,0.0,0.0,0.0,0.0,0.0,0.0,Jura
5025,536420,98025,625,630,Rhone,Rhone,5025,143.7,0.02,0.0,0.0,0.0,0.08,99.9,7.88,100.0,7.88,7.46,98.6,0.0,0.0,0.0,0.0,100.0,0.0,0.0,alps_west
5026,536923,124073,566,567,Rhone,Rhone,5026,171.6,0.32,0.0,0.0,0.0,0.0,99.68,21.56,99.65,21.56,20.4,99.65,0.0,0.0,0.0,0.34,99.66,0.0,0.0,alps_west
5027,538209,87967,626,629,Rhone,Rhone,5027,372.5,0.03,0.0,0.0,0.0,0.1,99.87,9.87,100.0,9.87,9.34,100.0,0.0,0.0,0.0,0.0,100.0,0.0,0.0,alps_west
5028,538665,133884,568,569,Rhone,Rhone,5028,25.0,0.0,0.0,0.0,0.0,0.0,100.0,16.02,96.14,16.02,16.02,96.14,0.0,0.0,0.0,0.0,100.0,0.0,0.0,alps_west
5029,540596,130874,560,561,Rhone,Rhone,5029,168.6,1.77,0.0,0.0,0.0,0.0,98.23,51.61,100.0,51.61,49.83,100.0,0.0,0.0,0.0,1.71,98.29,0.0,0.0,alps_west
5030,554877,222803,526,551,Rhone,Rhone,5030,51.4,9.73,0.0,0.0,0.0,0.0,90.27,37.88,100.0,37.88,35.37,99.91,100.0,0.0,0.0,0.0,0.0,0.0,0.0,Jura
5031,555048,85084,627,628,Rhone,Rhone,5031,194.9,0.08,0.0,0.0,0.0,0.25,99.67,28.74,99.56,28.74,27.2,99.56,0.0,0.0,0.0,0.0,100.0,0.0,0.0,alps_west
5032,563061,235752,523,554,Rhone,Rhone,5032,101.7,25.11,0.0,0.0,0.0,0.0,74.89,50.68,100.0,50.68,48.68,100.0,100.0,0.0,0.0,0.0,0.0,0.0,0.0,Jura
6001,639979,91039,474,475,Po,Ticino,6001,39.5,1.59,0.0,0.0,0.0,98.41,0.0,78.54,100.0,78.54,73.47,100.0,0.0,0.0,0.0,0.0,1.44,98.56,0.0,alps_south
6002,653736,92944,473,476,Po,Ticino,6002,118.9,0.45,0.0,0.0,0.0,99.55,0.0,36.62,100.0,36.62,35.36,100.0,0.0,0.0,0.0,0.0,0.39,99.61,0.0,alps_south
6003,663354,102130,471,472,Po,Ticino,6003,146.1,0.11,0.0,0.0,0.0,99.89,0.0,31.5,97.91,31.5,29.44,97.91,0.0,0.0,0.0,0.0,0.07,99.93,0.0,alps_south
6004,664574,108152,460,461,Po,Ticino,6004,81.3,0.09,0.0,0.0,0.0,99.91,0.0,40.6,100.0,40.6,39.36,100.0,0.0,0.0,0.0,0.0,0.0,100.0,0.0,alps_south
6005,667079,107158,457,464,Po,Ticino,6005,457.4,18.83,0.0,0.0,0.0,81.17,0.0,50.2,100.0,50.2,47.48,100.0,0.0,0.0,0.0,0.0,0.13,99.87,0.0,alps_south
6006,668352,114756,458,459,Po,Ticino,6006,360.1,0.2,0.0,0.0,0.0,99.8,0.0,47.48,99.96,47.48,42.21,99.96,0.0,0.0,0.0,0.0,0.12,99.88,0.0,alps_south
6007,676202,91943,455,456,Po,Ticino,6007,308.7,11.35,0.0,0.0,0.0,88.65,0.0,36.9,100.0,36.9,34.94,100.0,0.0,0.0,0.0,0.0,0.12,99.88,0.0,alps_south
6008,677233,86632,469,470,Po,Ticino,6008,229.7,0.0,0.0,0.0,0.0,100.0,0.0,0.0,99.27,0.0,0.0,99.27,0.0,0.0,0.0,0.0,0.0,100.0,0.0,alps_south
6009,684260,90031,465,466,Po,Ticino,6009,121.6,0.0,0.0,0.0,0.0,100.0,0.0,0.0,98.69,0.0,0.0,98.69,0.0,0.0,0.0,0.0,0.0,100.0,0.0,alps_south
6010,688426,88391,467,468,Po,Ticino,6010,60.2,0.0,0.0,0.0,0.0,100.0,0.0,0.0,99.75,0.0,0.0,99.75,0.0,0.0,0.0,0.0,0.0,100.0,0.0,alps_south
6011,694281,61276,454,521,Po,Ticino,6011,27.2,50.66,0.0,0.0,0.0,49.34,0.0,62.16,98.56,61.94,60.92,98.58,0.0,0.0,0.0,0.0,0.03,99.54,0.43,alps_south
